MSOA11CD,MSOA11NM,CC_Counts,Num_Counts,CC_Average
E02000001,City of London 001,0.044952161,8,0.00561902
E02000002,Barking and Dagenham 001,0.970598389,149,0.006514083
E02000003,Barking and Dagenham 002,1.250206006,189,0.006614847
E02000004,Barking and Dagenham 003,0.55862374,83,0.006730407
E02000005,Barking and Dagenham 004,0.92307717,136,0.006787332
E02000007,Barking and Dagenham 006,1.019457456,149,0.006841996
E02000008,Barking and Dagenham 007,1.235956249,171,0.007227814
E02000009,Barking and Dagenham 008,1.093314086,146,0.007488453
E02000010,Barking and Dagenham 009,0.686797721,93,0.007384922
E02000011,Barking and Dagenham 010,0.624489193,89,0.007016733
E02000012,Barking and Dagenham 011,0.967975913,123,0.007869723
E02000013,Barking and Dagenham 012,0.882055622,112,0.007875497
E02000014,Barking and Dagenham 013,0.787064527,102,0.007716319
E02000015,Barking and Dagenham 014,1.119203471,157,0.007128685
E02000016,Barking and Dagenham 015,1.132756549,138,0.008208381
E02000017,Barking and Dagenham 016,0.601980599,77,0.00781793
E02000018,Barking and Dagenham 017,1.242748261,153,0.008122538
E02000019,Barking and Dagenham 018,1.523096324,193,0.007891691
E02000020,Barking and Dagenham 019,2.06853874,257,0.008048789
E02000021,Barking and Dagenham 020,0.915028716,120,0.007625239
E02000022,Barking and Dagenham 021,0.93613938,111,0.008433688
E02000023,Barking and Dagenham 022,1.331142466,172,0.0077392
E02000024,Barnet 001,1.253732469,195,0.006429397
E02000025,Barnet 002,0.858907684,132,0.006506876
E02000026,Barnet 003,0.805556289,120,0.006712969
E02000027,Barnet 004,1.315627335,205,0.006417694
E02000028,Barnet 005,0.687686618,102,0.006742026
E02000029,Barnet 006,0.971211197,141,0.006888023
E02000030,Barnet 007,1.967641496,295,0.006669971
E02000031,Barnet 008,0.955610515,134,0.007131422
E02000032,Barnet 009,0.872632835,115,0.007588112
E02000033,Barnet 010,1.006611632,130,0.007743166
E02000034,Barnet 011,0.962068205,126,0.007635462
E02000035,Barnet 012,1.057573857,143,0.007395621
E02000036,Barnet 013,1.262684167,191,0.006610912
E02000037,Barnet 014,1.117731602,178,0.006279391
E02000038,Barnet 015,1.220555189,152,0.008029968
E02000039,Barnet 016,0.969326279,135,0.007180195
E02000040,Barnet 017,1.75712375,243,0.007230962
E02000041,Barnet 018,0.919306478,143,0.006428717
E02000042,Barnet 019,0.957833383,122,0.007851093
E02000043,Barnet 020,0.773891138,101,0.007662288
E02000044,Barnet 021,0.847179242,123,0.006887636
E02000045,Barnet 022,1.541729804,187,0.008244544
E02000046,Barnet 023,0.827723856,104,0.007958883
E02000047,Barnet 024,0.945622468,142,0.006659313
E02000048,Barnet 025,1.651169404,217,0.007609076
E02000049,Barnet 026,0.819441059,119,0.006886059
E02000050,Barnet 027,1.187841886,144,0.008248902
E02000051,Barnet 028,1.276033294,154,0.00828593
E02000052,Barnet 029,1.204096777,153,0.007869914
E02000053,Barnet 030,1.063241311,148,0.007184063
E02000054,Barnet 031,1.011061115,130,0.007777393
E02000055,Barnet 032,1.266053699,154,0.008221128
E02000056,Barnet 033,1.960275073,242,0.00810031
E02000057,Barnet 034,1.076442621,127,0.008475926
E02000058,Barnet 035,1.442097814,170,0.008482928
E02000059,Barnet 036,1.106226058,143,0.007735847
E02000060,Barnet 037,0.998873904,117,0.008537384
E02000061,Barnet 038,0.832542136,102,0.008162178
E02000062,Barnet 039,1.361956817,170,0.008011511
E02000063,Barnet 040,0.886030856,112,0.00791099
E02000064,Barnet 041,0.591063283,74,0.007987342
E02000065,Bexley 001,1.233820682,229,0.005387863
E02000066,Bexley 002,0.933111405,162,0.005759947
E02000067,Bexley 003,1.406217779,241,0.005834929
E02000068,Bexley 004,1.565983267,266,0.005887155
E02000069,Bexley 005,1.001889144,166,0.006035477
E02000070,Bexley 006,1.066833119,170,0.006275489
E02000071,Bexley 007,0.80404221,126,0.006381287
E02000072,Bexley 008,1.961219633,332,0.005907288
E02000073,Bexley 009,0.82183458,123,0.006681582
E02000074,Bexley 010,1.056123722,166,0.006362191
E02000075,Bexley 011,0.86842694,129,0.006731992
E02000077,Bexley 013,0.583643412,87,0.006708545
E02000078,Bexley 014,0.788464764,119,0.006625754
E02000079,Bexley 015,1.448797439,196,0.007391824
E02000080,Bexley 016,0.974776985,141,0.006913312
E02000081,Bexley 017,1.396790754,194,0.007199952
E02000082,Bexley 018,0.722813649,100,0.007228136
E02000083,Bexley 019,2.021446076,300,0.006738154
E02000084,Bexley 020,1.867311175,245,0.007621678
E02000085,Bexley 021,0.986214142,132,0.007471319
E02000086,Bexley 022,1.03352556,146,0.007078942
E02000087,Bexley 023,1.793128732,241,0.007440368
E02000088,Bexley 024,0.873740657,117,0.007467869
E02000089,Bexley 025,0.747510081,106,0.007051982
E02000090,Bexley 026,1.274996781,184,0.00692933
E02000091,Bexley 027,1.464350398,210,0.006973097
E02000092,Bexley 028,1.226436251,177,0.006929018
E02000093,Brent 001,0.797440153,119,0.006701178
E02000094,Brent 002,0.779668974,110,0.0070879
E02000095,Brent 003,1.108358604,165,0.006717325
E02000096,Brent 004,0.92088781,147,0.006264543
E02000097,Brent 005,1.68754143,232,0.007273885
E02000098,Brent 006,0.823480433,123,0.006694963
E02000099,Brent 007,0.72795952,110,0.006617814
E02000100,Brent 008,0.779508216,122,0.006389412
E02000101,Brent 009,1.198105053,163,0.007350338
E02000102,Brent 010,0.780196569,98,0.007961189
E02000103,Brent 011,0.945938406,117,0.008084944
E02000104,Brent 012,0.575990306,84,0.006857027
E02000105,Brent 013,0.852830279,128,0.006662737
E02000106,Brent 014,1.221738011,150,0.00814492
E02000107,Brent 015,0.604724426,77,0.007853564
E02000108,Brent 016,0.51519704,76,0.006778908
E02000109,Brent 017,1.145510991,156,0.007343019
E02000110,Brent 018,0.412258991,53,0.007778472
E02000111,Brent 019,0.746823945,109,0.006851596
E02000112,Brent 020,0.899778517,122,0.007375234
E02000113,Brent 021,1.522314448,194,0.007846982
E02000114,Brent 022,0.523623888,68,0.007700351
E02000115,Brent 023,0.309793242,40,0.007744831
E02000116,Brent 024,0.548861411,70,0.007840877
E02000117,Brent 025,1.13337627,145,0.007816388
E02000118,Brent 026,0.728466094,99,0.007358243
E02000119,Brent 027,1.561146429,200,0.007805732
E02000120,Brent 028,0.439453627,59,0.007448367
E02000121,Brent 029,0.984081003,134,0.007343888
E02000122,Brent 030,0.515470014,67,0.007693582
E02000123,Brent 031,0.904900253,117,0.00773419
E02000124,Brent 032,0.774675078,103,0.007521117
E02000125,Brent 033,0.432772002,56,0.007728071
E02000126,Brent 034,0.425620976,59,0.007213915
E02000127,Bromley 001,1.282344863,172,0.007455493
E02000128,Bromley 002,1.05205807,151,0.006967272
E02000130,Bromley 004,0.674517596,98,0.006882833
E02000131,Bromley 005,1.038293911,155,0.00669867
E02000132,Bromley 006,1.375185975,197,0.006980639
E02000133,Bromley 007,2.623768972,391,0.006710407
E02000134,Bromley 008,1.442435815,217,0.00664717
E02000135,Bromley 009,1.300545613,195,0.006669465
E02000136,Bromley 010,1.129274426,172,0.006565549
E02000137,Bromley 011,0.967485782,144,0.006718651
E02000138,Bromley 012,1.197117177,178,0.006725377
E02000139,Bromley 013,0.763379582,113,0.006755572
E02000140,Bromley 014,1.14385362,175,0.006536306
E02000141,Bromley 015,0.511380774,76,0.006728694
E02000142,Bromley 016,1.063375325,160,0.006646096
E02000144,Bromley 018,1.176471026,184,0.006393864
E02000145,Bromley 019,1.534325432,242,0.006340188
E02000146,Bromley 020,0.881359661,138,0.006386664
E02000147,Bromley 021,0.825289525,129,0.006397593
E02000148,Bromley 022,0.97782064,154,0.006349485
E02000149,Bromley 023,1.047384504,169,0.006197541
E02000150,Bromley 024,0.566428093,87,0.006510668
E02000152,Bromley 026,1.014507373,164,0.006186021
E02000153,Bromley 027,0.875822336,142,0.006167763
E02000154,Bromley 028,1.193702085,201,0.005938816
E02000155,Bromley 029,0.987935433,164,0.006023997
E02000156,Bromley 030,1.1107936,182,0.006103262
E02000157,Bromley 031,1.2701208,218,0.005826242
E02000158,Bromley 032,0.823743988,138,0.005969159
E02000159,Bromley 033,1.308949452,218,0.006004355
E02000160,Bromley 034,0.957507066,157,0.006098771
E02000161,Bromley 035,1.408452543,246,0.005725417
E02000162,Bromley 036,1.477290049,258,0.00572593
E02000163,Bromley 037,1.686761738,285,0.005918462
E02000165,Bromley 039,0.798346794,141,0.005662034
E02000166,Camden 001,0.591015365,78,0.00757712
E02000167,Camden 002,1.103781416,143,0.007718751
E02000168,Camden 003,0.598928601,81,0.00739418
E02000169,Camden 004,0.711769596,90,0.007908551
E02000170,Camden 005,0.610815647,78,0.00783097
E02000171,Camden 006,0.626220799,85,0.007367304
E02000172,Camden 007,0.758910163,104,0.007297213
E02000173,Camden 008,0.572475864,75,0.007633012
E02000174,Camden 009,0.607129052,82,0.007404013
E02000175,Camden 010,0.563976896,73,0.007725711
E02000176,Camden 011,0.355949106,47,0.007573385
E02000177,Camden 012,0.587737079,80,0.007346713
E02000178,Camden 013,0.345387252,45,0.007675272
E02000179,Camden 014,0.626780618,83,0.007551574
E02000180,Camden 015,0.450828084,60,0.007513801
E02000181,Camden 016,0.268059814,35,0.007658852
E02000182,Camden 017,0.652824702,85,0.007680291
E02000183,Camden 018,0.839113111,113,0.00742578
E02000184,Camden 019,0.636556274,85,0.007488897
E02000185,Camden 020,0.40693781,54,0.007535885
E02000186,Camden 021,0.909738859,120,0.007581157
E02000187,Camden 022,0.632463871,86,0.007354231
E02000188,Camden 023,0.428570555,56,0.007653046
E02000189,Camden 024,0.570067894,77,0.007403479
E02000190,Camden 025,0.515185611,68,0.007576259
E02000191,Camden 026,0.815677855,111,0.007348449
E02000192,Camden 027,0.633601003,86,0.007367454
E02000193,Camden 028,1.632875477,219,0.007456052
E02000194,Croydon 001,1.401288993,213,0.006578822
E02000195,Croydon 002,0.985060106,150,0.006567067
E02000196,Croydon 003,0.478622202,74,0.006467868
E02000197,Croydon 004,0.678724657,107,0.006343221
E02000198,Croydon 005,0.701156219,108,0.006492187
E02000199,Croydon 006,0.525950948,81,0.006493222
E02000200,Croydon 007,0.892994489,136,0.006566136
E02000201,Croydon 008,0.950534114,147,0.006466218
E02000202,Croydon 009,0.429710642,69,0.00622769
E02000203,Croydon 010,0.523329756,82,0.00638207
E02000204,Croydon 011,0.583385959,96,0.006076937
E02000206,Croydon 013,0.935149364,148,0.006318577
E02000207,Croydon 014,0.839629645,136,0.006173747
E02000208,Croydon 015,0.755443531,123,0.006141817
E02000209,Croydon 016,0.763516944,130,0.005873207
E02000210,Croydon 017,0.641797116,107,0.005998104
E02000211,Croydon 018,1.232279079,205,0.006011117
E02000212,Croydon 019,0.741514162,125,0.005932113
E02000213,Croydon 020,0.855134688,144,0.005938435
E02000214,Croydon 021,0.470053968,78,0.006026333
E02000215,Croydon 022,0.616704654,104,0.005929852
E02000216,Croydon 023,0.893651932,154,0.005802935
E02000217,Croydon 024,1.202056344,213,0.005643457
E02000218,Croydon 025,0.73354409,122,0.006012656
E02000219,Croydon 026,1.410589892,237,0.005951856
E02000220,Croydon 027,0.924049955,162,0.005704012
E02000221,Croydon 028,1.201428947,218,0.005511142
E02000222,Croydon 029,0.937507054,165,0.005681861
E02000223,Croydon 030,0.499021958,89,0.005606988
E02000224,Croydon 031,0.573621301,105,0.00546306
E02000225,Croydon 032,0.582304654,105,0.005545759
E02000226,Croydon 033,0.59712413,107,0.005580599
E02000227,Croydon 034,1.814270761,332,0.005464671
E02000228,Croydon 035,1.101392303,203,0.005425578
E02000229,Croydon 036,0.676108076,119,0.00568158
E02000230,Croydon 037,0.954584444,178,0.005362834
E02000231,Croydon 038,0.578103147,110,0.005255483
E02000232,Croydon 039,0.697245365,134,0.005203324
E02000233,Croydon 040,0.688905057,135,0.005103
E02000234,Croydon 041,1.081674943,217,0.004984677
E02000235,Croydon 042,0.673400912,134,0.00502538
E02000236,Croydon 043,0.817365451,173,0.004724656
E02000237,Croydon 044,0.737788616,156,0.004729414
E02000238,Ealing 001,0.831138592,120,0.006926155
E02000239,Ealing 002,0.524387627,73,0.007183392
E02000240,Ealing 003,1.272344061,183,0.0069527
E02000241,Ealing 004,0.576413987,80,0.007205175
E02000242,Ealing 005,0.388036962,53,0.007321452
E02000243,Ealing 006,1.137469905,150,0.007583133
E02000244,Ealing 007,0.708313048,92,0.007699055
E02000245,Ealing 008,1.180819678,162,0.00728901
E02000246,Ealing 009,1.195146446,162,0.007377447
E02000247,Ealing 010,1.040417991,145,0.007175296
E02000249,Ealing 012,0.517363926,69,0.007498028
E02000250,Ealing 013,0.729859537,95,0.007682732
E02000251,Ealing 014,0.499114131,70,0.007130202
E02000252,Ealing 015,1.942403334,246,0.007895949
E02000253,Ealing 016,0.850586652,117,0.007269971
E02000254,Ealing 017,0.585572604,85,0.006889089
E02000255,Ealing 018,1.044338488,142,0.007354496
E02000256,Ealing 019,0.796915586,107,0.007447809
E02000257,Ealing 020,1.421374523,182,0.00780975
E02000258,Ealing 021,0.530382051,67,0.00791615
E02000259,Ealing 022,0.37647217,54,0.006971707
E02000260,Ealing 023,0.639103442,94,0.006798973
E02000261,Ealing 024,1.309658959,174,0.007526776
E02000262,Ealing 025,0.775503608,103,0.007529161
E02000263,Ealing 026,0.589619103,89,0.006624934
E02000264,Ealing 027,0.804330784,104,0.00773395
E02000265,Ealing 028,1.023371533,148,0.006914673
E02000266,Ealing 029,1.567913899,234,0.006700487
E02000267,Ealing 030,0.867925518,132,0.006575193
E02000268,Ealing 031,1.119450219,150,0.007463001
E02000269,Ealing 032,0.672620546,93,0.007232479
E02000270,Ealing 033,0.769588438,107,0.007192415
E02000271,Ealing 034,0.680778827,96,0.007091446
E02000272,Ealing 035,0.516805411,75,0.006890739
E02000274,Ealing 037,0.878118846,127,0.006914322
E02000275,Ealing 038,0.724089046,110,0.006582628
E02000276,Ealing 039,0.456738471,64,0.007136539
E02000277,Enfield 001,0.644647735,102,0.006320076
E02000278,Enfield 002,0.906875434,138,0.006571561
E02000279,Enfield 003,1.449384398,232,0.006247347
E02000280,Enfield 004,1.093936198,165,0.006629916
E02000281,Enfield 005,1.127851827,162,0.006962048
E02000282,Enfield 006,1.154389601,173,0.006672772
E02000283,Enfield 007,0.642853261,93,0.006912401
E02000284,Enfield 008,1.184230061,174,0.00680592
E02000285,Enfield 009,0.685615698,101,0.006788274
E02000286,Enfield 010,1.315945175,195,0.006748437
E02000287,Enfield 011,0.929089536,137,0.006781675
E02000288,Enfield 012,1.361072536,186,0.007317594
E02000289,Enfield 013,1.003085734,145,0.006917833
E02000290,Enfield 014,1.191212709,163,0.007308053
E02000291,Enfield 015,0.915021868,122,0.007500179
E02000292,Enfield 016,0.925132873,122,0.007583056
E02000293,Enfield 017,0.994474551,135,0.007366478
E02000294,Enfield 018,0.729049214,99,0.007364133
E02000295,Enfield 019,1.068013744,147,0.0072654
E02000296,Enfield 020,1.839019083,256,0.007183668
E02000297,Enfield 021,1.478276705,188,0.007863174
E02000298,Enfield 022,1.059333219,135,0.007846913
E02000299,Enfield 023,0.852148812,114,0.00747499
E02000300,Enfield 024,0.786172069,101,0.007783882
E02000301,Enfield 025,1.373881067,178,0.007718433
E02000302,Enfield 026,1.247100881,152,0.008204611
E02000303,Enfield 027,1.229132518,147,0.008361446
E02000304,Enfield 028,1.103277412,134,0.008233414
E02000305,Enfield 029,0.736991523,87,0.008471167
E02000306,Enfield 030,1.671491537,200,0.008357458
E02000307,Enfield 031,0.990052877,117,0.00846199
E02000308,Enfield 032,1.402997511,164,0.008554863
E02000309,Enfield 033,1.712306382,201,0.008518937
E02000311,Enfield 035,1.03179999,118,0.008744068
E02000312,Enfield 036,1.154924122,131,0.008816215
E02000313,Greenwich 001,0.587424574,104,0.005648313
E02000314,Greenwich 002,2.397215559,410,0.005846867
E02000315,Greenwich 003,1.430761995,243,0.005887909
E02000316,Greenwich 004,1.815256636,266,0.006824273
E02000317,Greenwich 005,0.682931429,95,0.007188752
E02000318,Greenwich 006,0.852903907,134,0.006364955
E02000319,Greenwich 007,0.864356215,136,0.00635556
E02000320,Greenwich 008,0.631901651,101,0.006256452
E02000321,Greenwich 009,0.689689737,103,0.006696017
E02000323,Greenwich 011,1.094188659,157,0.006969355
E02000324,Greenwich 012,0.890573412,116,0.007677357
E02000326,Greenwich 014,0.837674647,107,0.007828735
E02000327,Greenwich 015,0.998862086,136,0.007344574
E02000328,Greenwich 016,0.814744958,102,0.007987696
E02000329,Greenwich 017,0.636145926,97,0.006558205
E02000331,Greenwich 019,1.203854013,152,0.007920092
E02000332,Greenwich 020,0.974499709,132,0.007382574
E02000333,Greenwich 021,1.166328444,146,0.007988551
E02000334,Greenwich 022,1.010927156,125,0.008087417
E02000335,Greenwich 023,0.606270741,77,0.007873646
E02000337,Greenwich 025,1.681858293,206,0.008164361
E02000339,Greenwich 027,0.624178242,78,0.008002285
E02000340,Greenwich 028,1.516785668,198,0.007660534
E02000341,Greenwich 029,0.98173585,125,0.007853887
E02000342,Greenwich 030,0.803215521,111,0.007236176
E02000343,Greenwich 031,0.972123892,131,0.007420793
E02000344,Greenwich 032,0.721908661,98,0.007366415
E02000345,Hackney 001,0.556234406,79,0.007040942
E02000346,Hackney 002,0.39291373,54,0.00727618
E02000347,Hackney 003,0.270203504,37,0.007302797
E02000348,Hackney 004,0.385188261,54,0.007133116
E02000350,Hackney 006,0.45720408,63,0.007257208
E02000351,Hackney 007,0.675324104,94,0.007184299
E02000352,Hackney 008,0.583782096,82,0.007119294
E02000353,Hackney 009,0.598601334,87,0.006880475
E02000354,Hackney 010,0.656375867,89,0.00737501
E02000355,Hackney 011,0.695785574,93,0.007481565
E02000356,Hackney 012,0.408553547,57,0.007167606
E02000357,Hackney 013,0.548165234,70,0.007830932
E02000358,Hackney 014,0.681192844,94,0.007246732
E02000359,Hackney 015,0.444654045,56,0.007940251
E02000360,Hackney 016,0.539082777,72,0.007487261
E02000361,Hackney 017,0.865075673,113,0.007655537
E02000362,Hackney 018,1.291673811,154,0.008387492
E02000363,Hackney 019,0.721548249,92,0.007842916
E02000364,Hackney 020,0.814212428,109,0.007469839
E02000365,Hackney 021,1.376653836,186,0.007401365
E02000366,Hackney 022,0.945452878,121,0.00781366
E02000367,Hackney 023,1.355580027,183,0.007407541
E02000368,Hackney 024,0.882050347,121,0.007289672
E02000369,Hackney 025,0.758922985,105,0.007227838
E02000370,Hackney 026,0.561676772,79,0.007109833
E02000371,Hackney 027,1.711975885,239,0.007163079
E02000372,Hammersmith and Fulham 001,0.995302275,129,0.007715522
E02000373,Hammersmith and Fulham 002,0.293874301,39,0.007535238
E02000374,Hammersmith and Fulham 003,0.615792728,82,0.007509667
E02000375,Hammersmith and Fulham 004,0.445399892,68,0.006549998
E02000376,Hammersmith and Fulham 005,0.424451509,59,0.007194093
E02000377,Hammersmith and Fulham 006,0.560178675,77,0.007275048
E02000378,Hammersmith and Fulham 007,0.360181883,49,0.007350651
E02000379,Hammersmith and Fulham 008,0.522186952,72,0.007252597
E02000380,Hammersmith and Fulham 009,0.519663935,73,0.007118684
E02000381,Hammersmith and Fulham 010,0.642666587,89,0.007220973
E02000382,Hammersmith and Fulham 011,0.784539964,110,0.007132181
E02000383,Hammersmith and Fulham 012,0.572370209,78,0.00733808
E02000384,Hammersmith and Fulham 013,0.955345811,135,0.007076636
E02000385,Hammersmith and Fulham 014,0.387462441,54,0.00717523
E02000386,Hammersmith and Fulham 015,0.554925924,79,0.007024379
E02000387,Hammersmith and Fulham 016,0.512560078,74,0.006926488
E02000388,Hammersmith and Fulham 017,0.452414532,65,0.006960224
E02000389,Hammersmith and Fulham 018,0.570446012,82,0.006956659
E02000390,Hammersmith and Fulham 019,0.385114452,56,0.006877044
E02000391,Hammersmith and Fulham 020,0.87044028,128,0.006800315
E02000392,Hammersmith and Fulham 021,0.574415718,84,0.006838282
E02000393,Hammersmith and Fulham 022,0.334671076,49,0.006830022
E02000394,Hammersmith and Fulham 023,0.645856666,96,0.006727674
E02000395,Hammersmith and Fulham 024,0.466099125,69,0.00675506
E02000396,Hammersmith and Fulham 025,0.322850851,48,0.006726059
E02000397,Haringey 001,0.659997322,79,0.008354396
E02000398,Haringey 002,1.051300098,135,0.007787408
E02000400,Haringey 004,1.022621983,120,0.00852185
E02000401,Haringey 005,0.90600417,112,0.008089323
E02000402,Haringey 006,0.797998937,99,0.008060595
E02000403,Haringey 007,0.719341264,90,0.007992681
E02000404,Haringey 008,0.575149859,73,0.007878765
E02000405,Haringey 009,0.516379981,63,0.008196508
E02000406,Haringey 010,0.440393275,58,0.007592988
E02000407,Haringey 011,0.559509123,75,0.007460122
E02000408,Haringey 012,0.74964345,102,0.007349446
E02000409,Haringey 013,0.375911063,50,0.007518221
E02000410,Haringey 014,0.476955157,60,0.007949253
E02000411,Haringey 015,0.915232541,126,0.00726375
E02000412,Haringey 016,0.578683185,76,0.007614252
E02000413,Haringey 017,0.554639488,69,0.008038253
E02000414,Haringey 018,0.391493664,54,0.007249883
E02000415,Haringey 019,0.507507323,68,0.007463343
E02000416,Haringey 020,0.631651635,88,0.007177859
E02000417,Haringey 021,0.674718427,86,0.007845563
E02000418,Haringey 022,0.574347303,76,0.007557201
E02000419,Haringey 023,0.442641046,60,0.007377351
E02000420,Haringey 024,0.754960621,108,0.006990376
E02000421,Haringey 025,0.905261128,129,0.007017528
E02000422,Haringey 026,0.697101366,99,0.007041428
E02000423,Haringey 027,0.429345264,60,0.007155754
E02000424,Haringey 028,0.453336775,63,0.007195822
E02000425,Haringey 029,0.469488752,68,0.006904246
E02000426,Haringey 030,0.812112016,103,0.007884583
E02000427,Haringey 031,0.387610061,54,0.007177964
E02000428,Haringey 032,0.601057427,85,0.007071264
E02000429,Haringey 033,0.468395078,62,0.007554759
E02000430,Haringey 034,0.648361144,89,0.007284957
E02000431,Haringey 035,0.60765224,80,0.007595653
E02000432,Haringey 036,0.539977522,75,0.0071997
E02000433,Harrow 001,1.869776657,331,0.005648872
E02000434,Harrow 002,1.079144878,179,0.006028742
E02000435,Harrow 003,1.145253034,211,0.005427739
E02000436,Harrow 004,0.818645985,150,0.00545764
E02000437,Harrow 005,0.952411833,175,0.005442353
E02000438,Harrow 006,1.261182734,233,0.005412801
E02000439,Harrow 007,0.629201072,99,0.006355566
E02000440,Harrow 008,0.769529586,132,0.00582977
E02000441,Harrow 009,0.811106521,148,0.005480449
E02000442,Harrow 010,0.552420447,86,0.006423494
E02000443,Harrow 011,0.593803054,109,0.005447734
E02000444,Harrow 012,0.553869031,91,0.006086473
E02000445,Harrow 013,0.770497354,138,0.005583314
E02000447,Harrow 015,0.653154775,119,0.005488696
E02000448,Harrow 016,0.941252672,171,0.005504402
E02000449,Harrow 017,0.436081959,69,0.006320028
E02000451,Harrow 019,0.4963118,88,0.005639907
E02000452,Harrow 020,0.633809749,109,0.005814768
E02000453,Harrow 021,0.451827888,79,0.00571934
E02000454,Harrow 022,0.735436644,128,0.005745599
E02000455,Harrow 023,0.785474883,129,0.006088953
E02000456,Harrow 024,0.470851462,79,0.005960145
E02000457,Harrow 025,0.688640116,118,0.005835933
E02000459,Harrow 027,0.523245836,85,0.006155833
E02000460,Harrow 028,0.490807944,80,0.006135099
E02000461,Harrow 029,0.89446477,137,0.00652894
E02000462,Harrow 030,0.451133439,71,0.006353992
E02000463,Harrow 031,0.555680593,86,0.006461402
E02000464,Havering 001,0.999275458,183,0.005460522
E02000465,Havering 002,1.099352521,203,0.00541553
E02000466,Havering 003,0.869965034,150,0.005799767
E02000467,Havering 004,1.039074058,183,0.005678
E02000468,Havering 005,1.074208133,178,0.006034877
E02000469,Havering 006,0.773081602,130,0.005946782
E02000470,Havering 007,1.399677823,245,0.005712971
E02000471,Havering 008,1.025316935,166,0.006176608
E02000472,Havering 009,0.693955863,111,0.006251855
E02000473,Havering 010,1.255562139,210,0.005978867
E02000474,Havering 011,0.992680383,157,0.006322805
E02000475,Havering 012,0.921697578,154,0.005985049
E02000476,Havering 013,1.414232137,238,0.005942152
E02000477,Havering 014,0.778076501,126,0.00617521
E02000478,Havering 015,1.048320153,163,0.006431412
E02000479,Havering 016,1.119302095,187,0.005985573
E02000480,Havering 017,1.255537518,201,0.006246455
E02000481,Havering 018,1.046021302,168,0.006226317
E02000482,Havering 019,0.7197548,112,0.006426382
E02000483,Havering 020,1.047230042,159,0.006586352
E02000484,Havering 021,1.243990015,200,0.00621995
E02000485,Havering 022,0.957363607,139,0.006887508
E02000486,Havering 023,0.637159904,97,0.006568659
E02000487,Havering 024,0.885733718,125,0.00708587
E02000488,Havering 025,1.24842601,191,0.006536262
E02000489,Havering 026,1.039642532,156,0.006664375
E02000490,Havering 027,1.248834393,180,0.006937969
E02000491,Havering 028,1.97854697,262,0.007551706
E02000492,Havering 029,1.691483335,231,0.007322439
E02000493,Havering 030,0.910138929,124,0.00733983
E02000494,Hillingdon 001,1.266891736,211,0.006004226
E02000495,Hillingdon 002,1.184141051,203,0.005833207
E02000496,Hillingdon 003,1.270970446,196,0.006484543
E02000497,Hillingdon 004,1.291935889,228,0.005666385
E02000498,Hillingdon 005,1.224401929,188,0.006512776
E02000499,Hillingdon 006,0.747665888,124,0.006029564
E02000500,Hillingdon 007,1.118747968,181,0.006180928
E02000501,Hillingdon 008,0.862282854,141,0.006115481
E02000502,Hillingdon 009,1.129088416,177,0.006379031
E02000503,Hillingdon 010,0.634660712,96,0.006611049
E02000504,Hillingdon 011,1.260426893,183,0.006887579
E02000506,Hillingdon 013,1.592480702,220,0.007238549
E02000507,Hillingdon 014,0.459104057,62,0.007404904
E02000508,Hillingdon 015,2.09180873,305,0.006858389
E02000509,Hillingdon 016,1.43457743,224,0.006404364
E02000510,Hillingdon 017,1.318490889,193,0.006831559
E02000511,Hillingdon 018,0.892910578,132,0.006764474
E02000512,Hillingdon 019,1.163433489,176,0.006610418
E02000513,Hillingdon 020,1.17939428,164,0.007191429
E02000515,Hillingdon 022,1.433811041,227,0.006316348
E02000516,Hillingdon 023,1.688870982,240,0.007036962
E02000517,Hillingdon 024,1.140582434,178,0.006407766
E02000518,Hillingdon 025,1.425006235,221,0.006447992
E02000519,Hillingdon 026,1.420414904,208,0.006828918
E02000520,Hillingdon 027,1.807547041,272,0.006645394
E02000521,Hillingdon 028,1.507663873,240,0.006281933
E02000522,Hillingdon 029,1.054941893,173,0.00609793
E02000523,Hillingdon 030,1.148906616,172,0.00667969
E02000524,Hillingdon 031,3.394559075,532,0.00638075
E02000525,Hillingdon 032,1.619474699,246,0.00658323
E02000526,Hounslow 001,0.851853999,118,0.007219102
E02000528,Hounslow 003,1.353587597,196,0.006906059
E02000529,Hounslow 004,0.693404032,103,0.006732078
E02000530,Hounslow 005,0.776331234,109,0.007122305
E02000531,Hounslow 006,1.197853408,180,0.006654741
E02000532,Hounslow 007,1.229234094,174,0.007064564
E02000533,Hounslow 008,0.921376149,130,0.007087509
E02000534,Hounslow 009,1.003262885,152,0.006600414
E02000535,Hounslow 010,0.906744122,134,0.006766747
E02000536,Hounslow 011,0.960749362,147,0.00653571
E02000537,Hounslow 012,0.80875179,126,0.006418665
E02000538,Hounslow 013,0.949474601,138,0.006880251
E02000539,Hounslow 014,1.255098766,199,0.006307029
E02000540,Hounslow 015,0.928094006,151,0.006146318
E02000541,Hounslow 016,0.799373215,121,0.00660639
E02000542,Hounslow 017,1.072485644,174,0.006163711
E02000543,Hounslow 018,0.91118288,154,0.005916772
E02000544,Hounslow 019,0.724408909,124,0.005842007
E02000545,Hounslow 020,0.875195515,146,0.00599449
E02000546,Hounslow 021,0.850388129,138,0.006162233
E02000547,Hounslow 022,1.310357534,207,0.00633023
E02000548,Hounslow 023,1.286769898,208,0.006186394
E02000549,Hounslow 024,0.971618584,160,0.006072616
E02000550,Hounslow 025,1.143608656,197,0.00580512
E02000551,Hounslow 026,1.183644018,208,0.005690596
E02000552,Hounslow 027,1.078894749,186,0.005800509
E02000553,Hounslow 028,0.955959784,171,0.005590408
E02000554,Islington 001,0.693886268,97,0.007153467
E02000555,Islington 002,0.73898798,102,0.00724498
E02000556,Islington 003,0.682272142,94,0.007258214
E02000557,Islington 004,0.585162768,79,0.007407124
E02000558,Islington 005,0.579008892,81,0.007148258
E02000559,Islington 006,0.441232816,62,0.007116658
E02000560,Islington 007,0.44689058,61,0.007326075
E02000561,Islington 008,0.377194123,51,0.007395963
E02000562,Islington 009,0.532569772,73,0.007295476
E02000563,Islington 010,0.38743267,52,0.007450628
E02000564,Islington 011,0.732786504,100,0.007327865
E02000565,Islington 012,0.437433554,59,0.007414128
E02000566,Islington 013,0.638086384,87,0.007334326
E02000567,Islington 014,0.632659532,86,0.007356506
E02000568,Islington 015,0.881870338,119,0.007410675
E02000569,Islington 016,0.903957479,123,0.007349248
E02000570,Islington 017,0.762531579,105,0.007262206
E02000571,Islington 018,0.75714947,106,0.00714292
E02000572,Islington 019,0.565073703,77,0.00733862
E02000573,Islington 020,0.84288346,117,0.007204132
E02000574,Islington 021,0.916223319,125,0.007329787
E02000575,Islington 022,1.518619086,212,0.007163298
E02000576,Islington 023,0.964683107,140,0.006890594
E02000577,Kensington and Chelsea 001,0.643826194,90,0.007153624
E02000578,Kensington and Chelsea 002,0.354513525,48,0.007385698
E02000579,Kensington and Chelsea 003,0.734756933,99,0.007421787
E02000580,Kensington and Chelsea 004,0.498052121,69,0.007218147
E02000581,Kensington and Chelsea 005,0.54341015,75,0.007245469
E02000582,Kensington and Chelsea 006,0.550457554,77,0.007148799
E02000583,Kensington and Chelsea 007,0.776337636,106,0.00732394
E02000584,Kensington and Chelsea 008,0.805319069,116,0.006942406
E02000585,Kensington and Chelsea 009,0.623993509,83,0.007517994
E02000586,Kensington and Chelsea 010,0.778874756,110,0.00708068
E02000587,Kensington and Chelsea 011,0.732102125,103,0.007107788
E02000588,Kensington and Chelsea 012,1.427534316,196,0.007283338
E02000589,Kensington and Chelsea 013,0.517452877,73,0.007088396
E02000590,Kensington and Chelsea 014,0.760475508,105,0.007242624
E02000591,Kensington and Chelsea 015,0.445290456,62,0.007182104
E02000592,Kensington and Chelsea 016,0.823420347,115,0.007160177
E02000593,Kensington and Chelsea 017,0.421336839,60,0.007022281
E02000594,Kensington and Chelsea 018,0.863571568,119,0.007256904
E02000595,Kensington and Chelsea 019,0.67633594,94,0.007195063
E02000596,Kensington and Chelsea 020,0.587631166,83,0.007079894
E02000597,Kensington and Chelsea 021,0.49751266,71,0.007007221
E02000598,Kingston upon Thames 001,1.026258117,175,0.005864332
E02000599,Kingston upon Thames 002,1.147503687,191,0.006007873
E02000600,Kingston upon Thames 003,0.946780576,156,0.006069106
E02000601,Kingston upon Thames 004,0.737822933,125,0.005902583
E02000602,Kingston upon Thames 005,0.899364835,161,0.005586117
E02000603,Kingston upon Thames 006,0.754675898,131,0.005760885
E02000604,Kingston upon Thames 007,0.643356604,115,0.005594405
E02000605,Kingston upon Thames 008,0.759358505,135,0.005624878
E02000606,Kingston upon Thames 009,0.983896919,189,0.005205804
E02000607,Kingston upon Thames 010,0.546357664,104,0.005253439
E02000608,Kingston upon Thames 011,0.496586205,97,0.005119445
E02000609,Kingston upon Thames 012,0.953321764,171,0.005574981
E02000610,Kingston upon Thames 013,0.66696977,130,0.005130537
E02000611,Kingston upon Thames 014,0.516583817,97,0.005325606
E02000612,Kingston upon Thames 015,0.895093298,163,0.00549137
E02000613,Kingston upon Thames 016,0.615325285,118,0.005214621
E02000614,Kingston upon Thames 017,0.905628699,168,0.005390647
E02000615,Kingston upon Thames 018,0.817688499,152,0.00537953
E02000616,Kingston upon Thames 019,0.521765122,102,0.005115344
E02000617,Kingston upon Thames 020,1.023395886,204,0.005016646
E02000619,Lambeth 002,0.667144532,90,0.007412717
E02000620,Lambeth 003,0.830896536,113,0.007353067
E02000621,Lambeth 004,0.776080501,108,0.007185931
E02000622,Lambeth 005,0.79692342,108,0.007378921
E02000623,Lambeth 006,0.505967392,71,0.007126301
E02000624,Lambeth 007,0.726930381,100,0.007269304
E02000625,Lambeth 008,0.545854855,77,0.007089024
E02000626,Lambeth 009,0.563694385,78,0.007226851
E02000627,Lambeth 010,0.44219647,63,0.007018992
E02000628,Lambeth 011,0.723163542,103,0.007021005
E02000629,Lambeth 012,0.646427256,96,0.006733617
E02000630,Lambeth 013,0.660476429,96,0.006879963
E02000631,Lambeth 014,0.66255947,92,0.007201733
E02000632,Lambeth 015,0.583408292,85,0.006863627
E02000633,Lambeth 016,0.751551872,110,0.00683229
E02000634,Lambeth 017,0.624921178,92,0.006792622
E02000635,Lambeth 018,0.71968443,104,0.006920043
E02000636,Lambeth 019,0.552059274,81,0.006815547
E02000637,Lambeth 020,0.623187184,93,0.006700937
E02000638,Lambeth 021,0.7343503,109,0.006737159
E02000639,Lambeth 022,0.784722208,115,0.006823671
E02000640,Lambeth 023,0.847956161,124,0.006838356
E02000641,Lambeth 024,0.966434259,144,0.006711349
E02000642,Lambeth 025,1.009528657,144,0.007010616
E02000643,Lambeth 026,0.480384739,70,0.006862639
E02000644,Lambeth 027,0.654892042,95,0.0068936
E02000645,Lambeth 028,0.97466196,142,0.006863817
E02000646,Lambeth 029,0.692223191,101,0.006853695
E02000647,Lambeth 030,0.810333556,119,0.006809526
E02000648,Lambeth 031,0.721173419,107,0.006739938
E02000649,Lambeth 032,0.561353603,83,0.006763296
E02000650,Lambeth 033,0.792377992,118,0.006715068
E02000651,Lambeth 034,0.634854705,97,0.006544894
E02000652,Lambeth 035,0.522114964,82,0.006367256
E02000653,Lewisham 001,0.829207832,115,0.007210503
E02000654,Lewisham 002,1.064342861,147,0.007240428
E02000655,Lewisham 003,1.177162051,161,0.007311566
E02000657,Lewisham 005,0.843547537,115,0.007335196
E02000658,Lewisham 006,0.707831562,97,0.007297233
E02000659,Lewisham 007,1.072305831,142,0.00755145
E02000660,Lewisham 008,0.736717368,101,0.007294231
E02000661,Lewisham 009,1.156556888,148,0.007814574
E02000662,Lewisham 010,0.59731108,84,0.007110846
E02000663,Lewisham 011,0.465691374,64,0.007276428
E02000664,Lewisham 012,1.295850439,176,0.007362787
E02000665,Lewisham 013,0.912113479,122,0.00747634
E02000666,Lewisham 014,0.680651845,96,0.007090123
E02000667,Lewisham 015,0.502654643,72,0.006981314
E02000668,Lewisham 016,0.779529785,103,0.00756825
E02000669,Lewisham 017,0.662127337,89,0.007439633
E02000670,Lewisham 018,0.390550961,53,0.007368886
E02000671,Lewisham 019,0.769663257,109,0.007061131
E02000672,Lewisham 020,0.796988335,110,0.007245349
E02000673,Lewisham 021,0.695785279,98,0.00709985
E02000674,Lewisham 022,0.377920569,50,0.007558411
E02000675,Lewisham 023,1.050269091,137,0.007666198
E02000676,Lewisham 024,0.511169121,72,0.007099571
E02000677,Lewisham 025,0.39988467,54,0.007405272
E02000678,Lewisham 026,0.551270572,75,0.007350274
E02000679,Lewisham 027,0.628955202,90,0.006988391
E02000680,Lewisham 028,0.772637489,115,0.006718587
E02000681,Lewisham 029,0.967191947,136,0.007111705
E02000682,Lewisham 030,0.603377686,82,0.007358264
E02000683,Lewisham 031,0.824005488,111,0.007423473
E02000685,Lewisham 033,1.020227879,153,0.006668156
E02000686,Lewisham 034,0.980059178,137,0.007153717
E02000687,Lewisham 035,0.790656708,116,0.006816006
E02000689,Merton 001,0.529608672,85,0.00623069
E02000690,Merton 002,1.120254475,187,0.005990666
E02000691,Merton 003,0.499239149,82,0.006088282
E02000692,Merton 004,0.82413601,138,0.005972
E02000693,Merton 005,1.066802009,183,0.005829519
E02000694,Merton 006,0.827224384,144,0.005744614
E02000695,Merton 007,0.51431865,84,0.006122841
E02000696,Merton 008,0.81460719,138,0.005902951
E02000697,Merton 009,0.622870086,107,0.005821216
E02000698,Merton 010,0.583142314,99,0.005890326
E02000699,Merton 011,0.509957012,88,0.005794966
E02000700,Merton 012,0.990972754,175,0.005662701
E02000701,Merton 013,1.022968581,176,0.005812321
E02000702,Merton 014,0.884960345,148,0.005979462
E02000703,Merton 015,0.605519678,104,0.005822305
E02000704,Merton 016,0.72054565,124,0.005810852
E02000705,Merton 017,0.629381893,102,0.006170411
E02000706,Merton 018,0.892794764,158,0.0056506
E02000707,Merton 019,0.698063301,117,0.005966353
E02000708,Merton 020,0.575914973,101,0.005702128
E02000709,Merton 021,0.345806781,61,0.005668964
E02000710,Merton 022,1.123707584,194,0.005792307
E02000711,Merton 023,0.891288612,156,0.005713389
E02000712,Merton 024,0.865519663,156,0.005548203
E02000713,Merton 025,0.411497999,75,0.00548664
E02000714,Newham 001,0.732275803,97,0.007549235
E02000715,Newham 002,0.43099295,51,0.008450842
E02000716,Newham 003,0.54187331,72,0.007526018
E02000717,Newham 004,0.359064013,49,0.007327837
E02000718,Newham 005,0.770544899,96,0.008026509
E02000719,Newham 006,0.722321091,100,0.007223211
E02000720,Newham 007,0.283303091,39,0.007264182
E02000721,Newham 008,0.454396098,64,0.007099939
E02000722,Newham 009,0.506462599,71,0.007133276
E02000723,Newham 010,0.429262596,59,0.007275637
E02000724,Newham 011,0.222722913,31,0.00718461
E02000725,Newham 012,0.996498924,134,0.007436559
E02000726,Newham 013,2.17014378,280,0.007750513
E02000727,Newham 014,0.466028977,65,0.007169677
E02000728,Newham 015,0.345743018,44,0.007857796
E02000729,Newham 016,0.500774422,70,0.00715392
E02000730,Newham 017,0.350260911,49,0.007148182
E02000731,Newham 018,0.548057631,73,0.007507639
E02000732,Newham 019,0.496537174,68,0.007302017
E02000733,Newham 020,1.113900886,147,0.007577557
E02000734,Newham 021,0.59167952,82,0.007215604
E02000735,Newham 022,0.555440096,75,0.007405868
E02000736,Newham 023,1.059077363,133,0.007962988
E02000737,Newham 024,0.774496793,99,0.0078232
E02000738,Newham 025,0.426379049,56,0.007613912
E02000739,Newham 026,0.677836007,90,0.007531511
E02000740,Newham 027,1.088742024,141,0.007721575
E02000741,Newham 028,0.664682642,84,0.007912889
E02000742,Newham 029,0.660101621,80,0.00825127
E02000743,Newham 030,1.134911458,145,0.007826976
E02000744,Newham 031,0.941391109,114,0.008257817
E02000745,Newham 032,1.575755979,196,0.008039571
E02000746,Newham 033,2.401345731,301,0.007977893
E02000747,Newham 034,1.898491407,234,0.008113211
E02000748,Newham 035,2.123314435,277,0.007665395
E02000749,Newham 036,1.988126505,248,0.008016639
E02000750,Newham 037,2.207635944,295,0.007483512
E02000751,Redbridge 001,2.444633809,325,0.00752195
E02000752,Redbridge 002,1.298278555,202,0.006427122
E02000753,Redbridge 003,0.650930462,103,0.006319713
E02000754,Redbridge 004,0.891320854,114,0.007818604
E02000755,Redbridge 005,1.077032384,142,0.007584735
E02000756,Redbridge 006,1.516445354,223,0.006800203
E02000757,Redbridge 007,1.46187054,177,0.008259156
E02000758,Redbridge 008,0.651949698,82,0.007950606
E02000759,Redbridge 009,1.339272528,162,0.008267114
E02000760,Redbridge 010,0.841559071,113,0.007447425
E02000762,Redbridge 012,0.618418916,76,0.008137091
E02000763,Redbridge 013,1.043294624,146,0.007145854
E02000764,Redbridge 014,1.560153933,187,0.008343069
E02000765,Redbridge 015,0.57095897,72,0.007929986
E02000767,Redbridge 017,0.814084388,107,0.007608265
E02000768,Redbridge 018,1.133884087,134,0.008461822
E02000769,Redbridge 019,1.35340502,205,0.006601976
E02000770,Redbridge 020,0.56964892,77,0.007398038
E02000772,Redbridge 022,0.53116043,78,0.006809749
E02000773,Redbridge 023,0.729759625,94,0.0077634
E02000774,Redbridge 024,0.242271016,33,0.007341546
E02000776,Redbridge 026,0.365989575,46,0.007956295
E02000777,Redbridge 027,0.689960288,87,0.007930578
E02000779,Redbridge 029,0.505026818,60,0.008417114
E02000780,Redbridge 030,1.239055044,161,0.007695994
E02000781,Redbridge 031,0.905746465,122,0.007424151
E02000782,Redbridge 032,0.726404552,93,0.007810802
E02000783,Redbridge 033,0.649477278,87,0.007465256
E02000784,Richmond upon Thames 001,1.067347646,172,0.00620551
E02000785,Richmond upon Thames 002,1.365616911,209,0.006534052
E02000786,Richmond upon Thames 003,1.375256178,214,0.006426431
E02000787,Richmond upon Thames 004,1.234429262,189,0.006531372
E02000788,Richmond upon Thames 005,0.963570123,148,0.006510609
E02000789,Richmond upon Thames 006,0.746856934,118,0.006329296
E02000790,Richmond upon Thames 007,0.64578498,109,0.005924633
E02000791,Richmond upon Thames 008,0.732163738,119,0.006152636
E02000792,Richmond upon Thames 009,0.626591161,109,0.005748543
E02000793,Richmond upon Thames 010,0.676520279,121,0.005591077
E02000794,Richmond upon Thames 011,0.735986574,130,0.005661435
E02000795,Richmond upon Thames 012,1.286686089,214,0.006012552
E02000796,Richmond upon Thames 013,1.114677816,198,0.005629686
E02000797,Richmond upon Thames 014,0.704075174,130,0.005415963
E02000798,Richmond upon Thames 015,1.045002396,194,0.00538661
E02000799,Richmond upon Thames 016,0.693905227,133,0.005217333
E02000800,Richmond upon Thames 017,0.608500682,106,0.005740572
E02000801,Richmond upon Thames 018,0.441022267,85,0.005188497
E02000802,Richmond upon Thames 019,0.652377125,123,0.005303879
E02000803,Richmond upon Thames 020,1.74331878,329,0.005298841
E02000804,Richmond upon Thames 021,0.676594919,133,0.00508718
E02000805,Richmond upon Thames 022,0.798746349,159,0.005023562
E02000806,Richmond upon Thames 023,1.076239325,207,0.005199224
E02000807,Southwark 001,1.36701189,196,0.00697455
E02000808,Southwark 002,1.61919099,215,0.007531121
E02000809,Southwark 003,1.180578819,158,0.007472018
E02000810,Southwark 004,1.209505978,159,0.007606956
E02000812,Southwark 006,0.971705693,131,0.007417601
E02000813,Southwark 007,1.303454706,173,0.00753442
E02000814,Southwark 008,1.505494055,215,0.007002298
E02000815,Southwark 009,0.383401173,51,0.00751767
E02000816,Southwark 010,1.53238246,202,0.007586052
E02000817,Southwark 011,0.784617204,104,0.007544396
E02000818,Southwark 012,0.900457349,121,0.007441796
E02000819,Southwark 013,1.073538922,142,0.007560133
E02000820,Southwark 014,0.634006661,87,0.007287433
E02000821,Southwark 015,0.714262959,95,0.007518557
E02000822,Southwark 016,0.519667505,70,0.007423822
E02000823,Southwark 017,0.863526528,117,0.007380569
E02000824,Southwark 018,0.958300459,128,0.007486722
E02000825,Southwark 019,1.014436676,139,0.007298106
E02000826,Southwark 020,1.022785081,139,0.007358166
E02000827,Southwark 021,0.687104466,92,0.007468527
E02000828,Southwark 022,0.798068878,108,0.007389527
E02000829,Southwark 023,0.831968029,113,0.007362549
E02000830,Southwark 024,0.853617828,118,0.007234049
E02000831,Southwark 025,0.737697115,103,0.007162108
E02000832,Southwark 026,1.134961454,157,0.007229054
E02000833,Southwark 027,0.836036258,118,0.007085053
E02000834,Southwark 028,0.68774108,96,0.00716397
E02000835,Southwark 029,0.608646303,84,0.007245789
E02000836,Southwark 030,0.590553503,83,0.007115102
E02000837,Southwark 031,0.921280773,129,0.007141711
E02000838,Southwark 032,0.460854643,64,0.007200854
E02000839,Southwark 033,1.44639091,211,0.006854933
E02000840,Sutton 001,0.877691418,154,0.005699295
E02000841,Sutton 002,0.757245368,135,0.005609225
E02000842,Sutton 003,0.724601609,132,0.005489406
E02000843,Sutton 004,0.897558052,165,0.005439746
E02000844,Sutton 005,0.928047168,170,0.005459101
E02000845,Sutton 006,0.664972856,127,0.005236007
E02000846,Sutton 007,0.672399251,124,0.005422575
E02000847,Sutton 008,0.732961786,138,0.005311317
E02000848,Sutton 009,0.500385674,94,0.005323252
E02000849,Sutton 010,0.950281843,178,0.005338662
E02000850,Sutton 011,1.529383228,272,0.005622732
E02000851,Sutton 012,0.934407411,178,0.00524948
E02000852,Sutton 013,0.717214123,136,0.005273633
E02000853,Sutton 014,0.603517721,114,0.005294015
E02000854,Sutton 015,0.774518124,146,0.005304919
E02000855,Sutton 016,0.732027494,140,0.005228768
E02000856,Sutton 017,0.603194344,113,0.005338003
E02000857,Sutton 018,0.718857725,137,0.005247137
E02000858,Sutton 019,0.888646858,168,0.005289565
E02000859,Sutton 020,0.651103164,124,0.005250832
E02000860,Sutton 021,0.647220542,125,0.005177764
E02000861,Sutton 022,0.879263279,166,0.005296767
E02000863,Sutton 024,0.899562009,173,0.00519978
E02000864,Tower Hamlets 001,1.221658554,148,0.00825445
E02000865,Tower Hamlets 002,0.686510474,91,0.007544071
E02000866,Tower Hamlets 003,0.777380813,99,0.007852331
E02000867,Tower Hamlets 004,1.101905773,132,0.008347771
E02000868,Tower Hamlets 005,0.61764669,84,0.007352937
E02000869,Tower Hamlets 006,0.655939139,91,0.007208122
E02000870,Tower Hamlets 007,0.618948125,82,0.007548148
E02000871,Tower Hamlets 008,0.84677116,100,0.008467712
E02000872,Tower Hamlets 009,0.678108671,93,0.007291491
E02000873,Tower Hamlets 010,0.541973176,72,0.007527405
E02000874,Tower Hamlets 011,0.654313946,88,0.007435386
E02000875,Tower Hamlets 012,0.720381061,90,0.008004234
E02000876,Tower Hamlets 013,0.735134964,99,0.007425606
E02000877,Tower Hamlets 014,0.973411692,125,0.007787294
E02000878,Tower Hamlets 015,0.868448921,119,0.00729789
E02000879,Tower Hamlets 016,0.628960644,82,0.007670252
E02000880,Tower Hamlets 017,0.426557183,56,0.007617093
E02000881,Tower Hamlets 018,0.997392483,116,0.008598211
E02000882,Tower Hamlets 019,1.052866003,134,0.007857209
E02000883,Tower Hamlets 020,0.866086101,104,0.008327751
E02000884,Tower Hamlets 021,0.99270757,135,0.007353389
E02000885,Tower Hamlets 022,0.546989036,71,0.007704071
E02000886,Tower Hamlets 023,0.893924761,113,0.007910839
E02000887,Tower Hamlets 024,0.720405386,90,0.008004504
E02000888,Tower Hamlets 025,0.914320969,115,0.007950617
E02000889,Tower Hamlets 026,0.908142747,120,0.007567856
E02000890,Tower Hamlets 027,0.642351484,83,0.007739175
E02000891,Tower Hamlets 028,1.980605837,241,0.008218281
E02000893,Tower Hamlets 030,0.582489041,80,0.007281113
E02000894,Tower Hamlets 031,0.61721827,86,0.007176957
E02000895,Waltham Forest 001,1.026369809,144,0.007127568
E02000896,Waltham Forest 002,1.04066785,151,0.00689184
E02000897,Waltham Forest 003,1.13503382,155,0.007322799
E02000898,Waltham Forest 004,1.082033666,146,0.007411189
E02000899,Waltham Forest 005,0.937936966,123,0.007625504
E02000900,Waltham Forest 006,1.226021446,149,0.008228332
E02000901,Waltham Forest 007,1.249273075,152,0.008218902
E02000902,Waltham Forest 008,0.937992882,110,0.008527208
E02000903,Waltham Forest 009,1.37444996,170,0.008085
E02000904,Waltham Forest 010,0.768853073,89,0.008638799
E02000905,Waltham Forest 011,0.74074393,92,0.008051564
E02000906,Waltham Forest 012,0.857422379,111,0.007724526
E02000907,Waltham Forest 013,0.960186368,117,0.008206721
E02000908,Waltham Forest 014,1.04500623,142,0.007359199
E02000909,Waltham Forest 015,1.079428959,130,0.0083033
E02000910,Waltham Forest 016,0.881518685,115,0.00766538
E02000911,Waltham Forest 017,0.987633217,138,0.007156762
E02000912,Waltham Forest 018,0.965875921,137,0.007050189
E02000913,Waltham Forest 019,0.702690299,84,0.008365361
E02000914,Waltham Forest 020,0.968031488,125,0.007744252
E02000915,Waltham Forest 021,0.871195913,104,0.008376884
E02000916,Waltham Forest 022,0.768007082,101,0.007604031
E02000917,Waltham Forest 023,0.465828686,59,0.007895401
E02000918,Waltham Forest 024,1.028701463,129,0.00797443
E02000919,Waltham Forest 025,0.648269087,83,0.007810471
E02000920,Waltham Forest 026,1.163752899,149,0.007810422
E02000921,Waltham Forest 027,0.874707532,119,0.007350483
E02000922,Waltham Forest 028,0.868277266,115,0.007550237
E02000923,Wandsworth 001,0.625682254,88,0.007110026
E02000924,Wandsworth 002,1.466628948,211,0.006950848
E02000925,Wandsworth 003,0.658595154,94,0.007006331
E02000926,Wandsworth 004,0.609349469,90,0.00677055
E02000927,Wandsworth 005,0.628131464,91,0.006902544
E02000928,Wandsworth 006,0.831928926,133,0.006255105
E02000929,Wandsworth 007,0.8674023,133,0.006521822
E02000930,Wandsworth 008,0.796765427,118,0.006752249
E02000931,Wandsworth 009,0.588561417,86,0.006843737
E02000932,Wandsworth 010,0.964863265,154,0.006265346
E02000933,Wandsworth 011,0.737680378,119,0.006198995
E02000934,Wandsworth 012,0.937459073,144,0.006510132
E02000935,Wandsworth 013,0.511483111,82,0.006237599
E02000936,Wandsworth 014,0.699664252,113,0.006191719
E02000937,Wandsworth 015,0.662130795,99,0.00668819
E02000938,Wandsworth 016,1.203259103,195,0.00617056
E02000939,Wandsworth 017,0.581980666,86,0.006767217
E02000940,Wandsworth 018,0.608216423,97,0.006270272
E02000941,Wandsworth 019,0.755607568,116,0.006513858
E02000942,Wandsworth 020,0.679247663,109,0.00623163
E02000943,Wandsworth 021,0.667126882,99,0.006738655
E02000944,Wandsworth 022,0.681114185,111,0.006136164
E02000945,Wandsworth 023,0.771572264,126,0.006123589
E02000946,Wandsworth 024,0.69165189,106,0.006525018
E02000948,Wandsworth 026,0.58694815,87,0.00674653
E02000949,Wandsworth 027,0.90600342,136,0.00666179
E02000950,Wandsworth 028,0.809593432,134,0.006041742
E02000951,Wandsworth 029,0.397654607,59,0.006739909
E02000952,Wandsworth 030,0.284435959,42,0.006772285
E02000953,Wandsworth 031,0.606921125,95,0.006388643
E02000954,Wandsworth 032,0.377090952,57,0.006615631
E02000955,Wandsworth 033,0.284613808,44,0.006468496
E02000956,Wandsworth 034,0.463339676,74,0.006261347
E02000957,Wandsworth 035,0.715992361,113,0.006336216
E02000958,Wandsworth 036,0.621900538,95,0.006546321
E02000959,Wandsworth 037,0.368149147,56,0.006574092
E02000960,Westminster 001,0.546793804,71,0.007701321
E02000961,Westminster 002,0.561061221,74,0.007581908
E02000962,Westminster 003,0.635335588,83,0.007654646
E02000963,Westminster 004,0.55368405,76,0.007285316
E02000964,Westminster 005,0.691404363,95,0.007277941
E02000965,Westminster 006,0.287374873,39,0.007368586
E02000966,Westminster 007,0.682857274,91,0.007503926
E02000967,Westminster 008,0.698439463,90,0.007760438
E02000968,Westminster 009,0.955859696,126,0.007586188
E02000969,Westminster 010,0.571579946,77,0.007423116
E02000970,Westminster 011,1.828543873,248,0.007373161
E02000971,Westminster 012,1.161142255,153,0.007589165
E02000972,Westminster 013,2.265242282,314,0.007214147
E02000973,Westminster 014,0.688098118,94,0.007320193
E02000974,Westminster 015,1.343987094,183,0.007344192
E02000975,Westminster 016,0.790105492,107,0.007384163
E02000976,Westminster 017,0.695072285,97,0.007165694
E02000977,Westminster 018,3.209158882,444,0.007227835
E02000978,Westminster 019,2.066184331,284,0.007275297
E02000979,Westminster 020,1.615145388,218,0.007408924
E02000980,Westminster 021,0.61811029,84,0.007358456
E02000981,Westminster 022,0.70347855,97,0.007252356
E02000982,Westminster 023,0.768972238,105,0.007323545
E02000983,Westminster 024,0.450158287,61,0.007379644
E02006782,Bromley 040,0.93817352,134,0.007001295
E02006783,Lewisham 037,0.607061646,83,0.007313996
E02006784,Lewisham 038,0.903597804,128,0.007059358
E02006785,Bexley 029,0.901061111,132,0.006826221
E02006786,Greenwich 033,0.580315521,91,0.006377094
E02006787,Bromley 041,0.789083883,120,0.006575699
E02006788,Croydon 045,0.622938607,101,0.006167709
E02006789,Bromley 042,0.879566141,153,0.005748798
E02006791,Ealing 040,0.729814132,104,0.007017444
E02006792,Hounslow 029,1.181112132,164,0.007201903
E02006793,Enfield 037,1.127921442,132,0.008544859
E02006794,Haringey 037,0.954873342,119,0.008024146
E02006795,Harrow 032,0.370032278,60,0.006167205
E02006796,Hillingdon 033,1.603917343,237,0.006767584
E02006798,Lewisham 039,1.527973664,211,0.007241581
E02006799,Barking and Dagenham 023,1.083489228,153,0.007081629
E02006800,Redbridge 034,1.153021635,163,0.007073752
E02006801,Lambeth 036,1.305846637,174,0.007504866
E02006802,Southwark 034,1.087400715,146,0.00744795
E02006836,Sutton 025,0.913222861,178,0.005130466
E02006853,Tower Hamlets 032,0.21055098,28,0.007519678
E02006854,Tower Hamlets 033,0.84175208,104,0.00809377
E02006882,Harrow 033,0.695219461,116,0.005993271
E02006918,Hackney 028,0.514567289,70,0.007350961
E02006921,Hackney 029,0.36517256,50,0.007303451
E02006924,Redbridge 035,1.251117943,149,0.008396765
E02006925,Redbridge 036,1.301076205,153,0.008503766
E02006927,Greenwich 034,1.990502433,251,0.007930289
E02006928,Greenwich 035,0.975602294,133,0.007335356
E02006929,Greenwich 036,2.165477084,271,0.00799069
E02006930,Greenwich 037,1.483792024,186,0.007977376
E02006931,Greenwich 038,1.639142883,217,0.007553654