Code,Area,Year,Measure,Value mar,Value Jun,Value Sep,Value Dec,Housing_Average
E02000001,City of London 001,2017,Mean,929037,953512,961783,950760,948773
E02000002,Barking and Dagenham 001,2017,Mean,275289,291803,300302,296691,291021.25
E02000003,Barking and Dagenham 002,2017,Mean,310171,311167,323874,320546,316439.5
E02000004,Barking and Dagenham 003,2017,Mean,339569,330511,332531,333292,333975.75
E02000005,Barking and Dagenham 004,2017,Mean,324117,327888,325795,323039,325209.75
E02000007,Barking and Dagenham 006,2017,Mean,285170,281894,286960,295579,287400.75
E02000008,Barking and Dagenham 007,2017,Mean,278247,279976,285566,286441,282557.5
E02000009,Barking and Dagenham 008,2017,Mean,291478,289519,289998,285981,289244
E02000010,Barking and Dagenham 009,2017,Mean,282668,279680,286727,289337,284603
E02000011,Barking and Dagenham 010,2017,Mean,300592,301563,303182,308081,303354.5
E02000012,Barking and Dagenham 011,2017,Mean,422078,419833,415314,407529,416188.5
E02000013,Barking and Dagenham 012,2017,Mean,294431,306075,303247,305405,302289.5
E02000014,Barking and Dagenham 013,2017,Mean,294854,291913,288230,280545,288885.5
E02000015,Barking and Dagenham 014,2017,Mean,249223,268356,271662,262508,262937.25
E02000016,Barking and Dagenham 015,2017,Mean,222277,225299,227508,226536,225405
E02000017,Barking and Dagenham 016,2017,Mean,335145,328430,343519,348509,338900.75
E02000018,Barking and Dagenham 017,2017,Mean,321657,338139,327203,313259,325064.5
E02000019,Barking and Dagenham 018,2017,Mean,294148,292249,293959,291721,293019.25
E02000020,Barking and Dagenham 019,2017,Mean,283388,289955,291688,296002,290258.25
E02000021,Barking and Dagenham 020,2017,Mean,271463,276744,280052,280707,277241.5
E02000022,Barking and Dagenham 021,2017,Mean,227833,238400,231338,235028,233149.75
E02000023,Barking and Dagenham 022,2017,Mean,234655,247283,251872,263846,249414
E02006799,Barking and Dagenham 023,2017,Mean,295752,302336,299377,306067,300883
E02000024,Barnet 001,2017,Mean,579179,567568,585257,605879,584470.75
E02000025,Barnet 002,2017,Mean,481734,508522,486238,479642,489034
E02000026,Barnet 003,2017,Mean,561494,537196,557653,578903,558811.5
E02000027,Barnet 004,2017,Mean,502504,504801,477697,473710,489678
E02000028,Barnet 005,2017,Mean,516016,538998,541241,564232,540121.75
E02000029,Barnet 006,2017,Mean,470294,461393,479002,484909,473899.5
E02000030,Barnet 007,2017,Mean,1114569,1097321,1165714,1139461,1129266.25
E02000031,Barnet 008,2017,Mean,688190,656446,671629,666267,670633
E02000032,Barnet 009,2017,Mean,696668,700429,675467,677451,687503.75
E02000033,Barnet 010,2017,Mean,469304,465500,466479,488188,472367.75
E02000034,Barnet 011,2017,Mean,533350,530039,525231,551143,534940.75
E02000035,Barnet 012,2017,Mean,648250,637291,646226,619466,637808.25
E02000036,Barnet 013,2017,Mean,488449,509932,538164,544596,520285.25
E02000037,Barnet 014,2017,Mean,471191,613485,608500,619571,578186.75
E02000038,Barnet 015,2017,Mean,540429,553181,544678,541677,544991.25
E02000039,Barnet 016,2017,Mean,956129,881181,983734,1072362,973351.5
E02000040,Barnet 017,2017,Mean,623272,623681,701413,728667,669258.25
E02000041,Barnet 018,2017,Mean,438317,509821,547769,541679,509396.5
E02000042,Barnet 019,2017,Mean,486898,490959,482435,505314,491401.5
E02000043,Barnet 020,2017,Mean,711096,708929,715653,751999,721919.25
E02000044,Barnet 021,2017,Mean,475852,478709,464079,489154,476948.5
E02000045,Barnet 022,2017,Mean,508071,504272,496574,465225,493535.5
E02000046,Barnet 023,2017,Mean,613644,642475,664660,695481,654065
E02000047,Barnet 024,2017,Mean,351286,351694,367326,374556,361215.5
E02000048,Barnet 025,2017,Mean,578567,603130,613017,697094,622952
E02000049,Barnet 026,2017,Mean,416471,390418,378437,385216,392635.5
E02000050,Barnet 027,2017,Mean,507956,514529,525040,530662,519546.75
E02000051,Barnet 028,2017,Mean,839771,794209,721825,691608,761853.25
E02000052,Barnet 029,2017,Mean,608458,626053,642603,655095,633052.25
E02000053,Barnet 030,2017,Mean,403901,419815,427490,440912,423029.5
E02000054,Barnet 031,2017,Mean,575882,593645,554756,613465,584437
E02000055,Barnet 032,2017,Mean,667288,689959,626323,628930,653125
E02000056,Barnet 033,2017,Mean,1641231,1991830,2114455,2210884,1989600
E02000057,Barnet 034,2017,Mean,668558,727893,712564,737165,711545
E02000058,Barnet 035,2017,Mean,855117,874827,915369,890055,883842
E02000059,Barnet 036,2017,Mean,451084,431744,423861,415767,430614
E02000060,Barnet 037,2017,Mean,925488,916358,977373,960713,944983
E02000061,Barnet 038,2017,Mean,992411,1092183,1041507,1148588,1068672.25
E02000062,Barnet 039,2017,Mean,512714,479831,472957,484193,487423.75
E02000063,Barnet 040,2017,Mean,497043,490984,492680,533989,503674
E02000064,Barnet 041,2017,Mean,688200,801280,820862,765528,768967.5
E02000065,Bexley 001,2017,Mean,246712,259674,257255,272256,258974.25
E02000066,Bexley 002,2017,Mean,282983,300107,291049,290268,291101.75
E02000067,Bexley 003,2017,Mean,255393,265176,272482,271313,266091
E02000068,Bexley 004,2017,Mean,256595,254001,246569,241744,249727.25
E02000069,Bexley 005,2017,Mean,270186,274498,273910,281406,275000
E02000070,Bexley 006,2017,Mean,355970,360073,372272,374759,365768.5
E02000071,Bexley 007,2017,Mean,322648,321197,322166,328389,323600
E02000072,Bexley 008,2017,Mean,260588,255136,255789,263569,258770.5
E02000073,Bexley 009,2017,Mean,392718,398706,409537,417375,404584
E02000074,Bexley 010,2017,Mean,264159,266209,273971,276457,270199
E02000075,Bexley 011,2017,Mean,421696,421662,422278,417047,420670.75
E02000077,Bexley 013,2017,Mean,361115,371154,372545,373782,369649
E02000078,Bexley 014,2017,Mean,327452,324258,335256,332921,329971.75
E02000079,Bexley 015,2017,Mean,344718,348768,359411,362609,353876.5
E02000080,Bexley 016,2017,Mean,335241,345640,366854,375831,355891.5
E02000081,Bexley 017,2017,Mean,338250,333374,332495,334175,334573.5
E02000082,Bexley 018,2017,Mean,391439,386391,388738,393395,389990.75
E02000083,Bexley 019,2017,Mean,286976,288612,302280,308461,296582.25
E02000084,Bexley 020,2017,Mean,422405,437016,450032,452117,440392.5
E02000085,Bexley 021,2017,Mean,343410,355656,364441,377365,360218
E02000086,Bexley 022,2017,Mean,387857,404618,403076,420926,404119.25
E02000087,Bexley 023,2017,Mean,470079,473494,486713,493468,480938.5
E02000088,Bexley 024,2017,Mean,414073,410795,420189,435846,420225.75
E02000089,Bexley 025,2017,Mean,442072,445389,466644,473603,456927
E02000090,Bexley 026,2017,Mean,363974,366863,363510,377481,367957
E02000091,Bexley 027,2017,Mean,387480,387892,354611,343505,368372
E02000092,Bexley 028,2017,Mean,319188,314297,314875,326594,318738.5
E02006785,Bexley 029,2017,Mean,353745,363870,345226,350016,353214.25
E02000093,Brent 001,2017,Mean,469852,473175,468416,479426,472717.25
E02000094,Brent 002,2017,Mean,341685,348418,359727,429212,369760.5
E02000095,Brent 003,2017,Mean,484119,473045,487021,486435,482655
E02000096,Brent 004,2017,Mean,583786,591526,630491,638474,611069.25
E02000097,Brent 005,2017,Mean,445803,447694,447256,465984,451684.25
E02000098,Brent 006,2017,Mean,514803,543564,561779,564497,546160.75
E02000099,Brent 007,2017,Mean,413518,405029,433262,449782,425397.75
E02000100,Brent 008,2017,Mean,634748,631468,680289,764053,677639.5
E02000101,Brent 009,2017,Mean,444720,462519,463733,480145,462779.25
E02000102,Brent 010,2017,Mean,333453,336169,367906,375026,353138.5
E02000103,Brent 011,2017,Mean,464903,477852,475907,434676,463334.5
E02000104,Brent 012,2017,Mean,452153,473853,472591,429814,457102.75
E02000105,Brent 013,2017,Mean,334238,324127,358618,352410,342348.25
E02000106,Brent 014,2017,Mean,397243,452862,506592,544457,475288.5
E02000107,Brent 015,2017,Mean,743912,723455,670089,682901,705089.25
E02000108,Brent 016,2017,Mean,358048,390024,394043,420833,390737
E02000109,Brent 017,2017,Mean,391846,428655,435844,449342,426421.75
E02000110,Brent 018,2017,Mean,734143,745920,788160,795662,765971.25
E02000111,Brent 019,2017,Mean,383100,399467,401618,419985,401042.5
E02000112,Brent 020,2017,Mean,377761,390126,401233,391458,390144.5
E02000113,Brent 021,2017,Mean,296857,309556,308900,319721,308758.5
E02000114,Brent 022,2017,Mean,580344,550977,529454,536973,549437
E02000115,Brent 023,2017,Mean,718362,686517,609375,669545,670949.75
E02000116,Brent 024,2017,Mean,431016,454856,440810,460355,446759.25
E02000117,Brent 025,2017,Mean,417325,418741,406308,403951,411581.25
E02000118,Brent 026,2017,Mean,382314,375479,371218,384748,378439.75
E02000119,Brent 027,2017,Mean,421300,443097,442333,439687,436604.25
E02000120,Brent 028,2017,Mean,720292,710022,680513,711733,705640
E02000121,Brent 029,2017,Mean,383305,366746,354882,364075,367252
E02000122,Brent 030,2017,Mean,1125080,1286373,1386075,1294546,1273018.5
E02000123,Brent 031,2017,Mean,537915,541767,554212,554305,547049.75
E02000124,Brent 032,2017,Mean,898443,965867,1032068,1176348,1018181.5
E02000125,Brent 033,2017,Mean,810637,869134,893238,902411,868855
E02000126,Brent 034,2017,Mean,624286,636977,638056,640842,635040.25
E02000127,Bromley 001,2017,Mean,380725,383608,378886,372541,378940
E02000128,Bromley 002,2017,Mean,479121,483606,499271,499374,490343
E02000130,Bromley 004,2017,Mean,540982,529624,524623,535944,532793.25
E02000131,Bromley 005,2017,Mean,398613,401886,404024,404974,402374.25
E02000132,Bromley 006,2017,Mean,430949,430153,457919,461244,445066.25
E02000133,Bromley 007,2017,Mean,697210,709693,729102,754109,722528.5
E02000134,Bromley 008,2017,Mean,417062,424802,416624,406115,416150.75
E02000135,Bromley 009,2017,Mean,333544,352957,375906,366964,357342.75
E02000136,Bromley 010,2017,Mean,514022,603108,620147,608673,586487.5
E02000137,Bromley 011,2017,Mean,466527,472616,487487,500389,481754.75
E02000138,Bromley 012,2017,Mean,522294,527359,529423,513839,523228.75
E02000139,Bromley 013,2017,Mean,492534,495155,491853,487963,491876.25
E02000140,Bromley 014,2017,Mean,336043,338871,330806,319740,331365
E02000141,Bromley 015,2017,Mean,402705,422072,411077,412536,412097.5
E02000142,Bromley 016,2017,Mean,510414,546815,580385,629090,566676
E02000144,Bromley 018,2017,Mean,437248,437265,455312,476106,451482.75
E02000145,Bromley 019,2017,Mean,274315,281456,291697,296866,286083.5
E02000146,Bromley 020,2017,Mean,403035,394010,411756,427214,409003.75
E02000147,Bromley 021,2017,Mean,698100,731555,752214,750944,733203.25
E02000148,Bromley 022,2017,Mean,660643,710218,701576,700532,693242.25
E02000149,Bromley 023,2017,Mean,371879,376891,364584,386105,374864.75
E02000150,Bromley 024,2017,Mean,564096,565460,576892,584400,572712
E02000151,Bromley 025,2017,Mean,602829,608472,618221,620219,612435.25
E02000152,Bromley 026,2017,Mean,410433,404557,424465,418441,414474
E02000153,Bromley 027,2017,Mean,579777,576242,577289,565661,574742.25
E02000154,Bromley 028,2017,Mean,403481,386679,403441,421566,403791.75
E02000155,Bromley 029,2017,Mean,380052,378467,370609,367217,374086.25
E02000156,Bromley 030,2017,Mean,503520,502982,506508,553275,516571.25
E02000157,Bromley 031,2017,Mean,535879,527225,540644,555401,539787.25
E02000158,Bromley 032,2017,Mean,458413,465334,466019,475633,466349.75
E02000159,Bromley 033,2017,Mean,846780,924466,886065,876194,883376.25
E02000160,Bromley 034,2017,Mean,635072,617348,590261,561542,601055.75
E02000161,Bromley 035,2017,Mean,459466,457321,461326,479121,464308.5
E02000162,Bromley 036,2017,Mean,443151,454701,446556,445784,447548
E02000163,Bromley 037,2017,Mean,568728,556936,591825,618879,584092
E02000165,Bromley 039,2017,Mean,357692,359168,378567,372818,367061.25
E02006782,Bromley 040,2017,Mean,538486,538406,506809,510426,523531.75
E02006787,Bromley 041,2017,Mean,488613,523716,551604,556306,530059.75
E02006789,Bromley 042,2017,Mean,509085,480377,483288,505776,494631.5
E02000166,Camden 001,2017,Mean,1096195,1303760,1360173,1297421,1264387.25
E02000167,Camden 002,2017,Mean,1938983,2099554,2104867,1783799,1981800.75
E02000168,Camden 003,2017,Mean,920396,910532,963864,1028588,955845
E02000169,Camden 004,2017,Mean,2020563,2147108,2336103,2469451,2243306.25
E02000170,Camden 005,2017,Mean,880817,927312,875884,858016,885507.25
E02000171,Camden 006,2017,Mean,1036212,1106049,1119217,1006711,1067047.25
E02000172,Camden 007,2017,Mean,639321,692601,710377,706419,687179.5
E02000173,Camden 008,2017,Mean,2102926,2141157,1984993,1866335,2023852.75
E02000174,Camden 009,2017,Mean,636252,643061,673286,720145,668186
E02000175,Camden 010,2017,Mean,783817,812783,799425,751308,786833.25
E02000176,Camden 011,2017,Mean,1269109,1273163,1343815,1256117,1285551
E02000177,Camden 012,2017,Mean,825501,915164,1012372,1066592,954907.25
E02000178,Camden 013,2017,Mean,648893,644331,645834,607480,636634.5
E02000179,Camden 014,2017,Mean,1094981,1125717,1150647,1143549,1128723.5
E02000180,Camden 015,2017,Mean,683399,798172,852801,759817,773547.25
E02000181,Camden 016,2017,Mean,865135,898512,857107,909663,882604.25
E02000182,Camden 017,2017,Mean,1208962,1355421,1321578,1292376,1294584.25
E02000183,Camden 018,2017,Mean,1655193,1741464,1718116,1751336,1716527.25
E02000184,Camden 019,2017,Mean,680626,699547,675068,631269,671627.5
E02000185,Camden 020,2017,Mean,509493,620068,723860,687372,635198.25
E02000186,Camden 021,2017,Mean,957946,962888,1194755,1476799,1148097
E02000187,Camden 022,2017,Mean,1128587,1113486,1111006,1048636,1100428.75
E02000188,Camden 023,2017,Mean,601639,644105,582250,562844,597709.5
E02000189,Camden 024,2017,Mean,583400,707223,833462,1039230,790828.75
E02000190,Camden 025,2017,Mean,627729,686690,676908,668828,665038.75
E02000191,Camden 026,2017,Mean,1030734,1097107,1093891,1093178,1078727.5
E02000192,Camden 027,2017,Mean,1065335,901443,926926,909400,950776
E02000193,Camden 028,2017,Mean,724669,781898,930502,1069169,876559.5
E02000194,Croydon 001,2017,Mean,443119,433652,484175,476318,459316
E02000195,Croydon 002,2017,Mean,520445,524309,504740,498924,512104.5
E02000196,Croydon 003,2017,Mean,425264,432934,451629,441834,437915.25
E02000197,Croydon 004,2017,Mean,446642,424171,414638,399568,421254.75
E02000198,Croydon 005,2017,Mean,313148,318003,320140,326098,319347.25
E02000199,Croydon 006,2017,Mean,337671,350163,360571,372269,355168.5
E02000200,Croydon 007,2017,Mean,343750,340363,342519,345775,343101.75
E02000201,Croydon 008,2017,Mean,300483,306635,305306,308709,305283.25
E02000202,Croydon 009,2017,Mean,343676,353695,363346,369526,357560.75
E02000203,Croydon 010,2017,Mean,305768,310489,320475,318117,313712.25
E02000204,Croydon 011,2017,Mean,312287,325313,335790,355356,332186.5
E02000206,Croydon 013,2017,Mean,300779,308572,320715,313088,310788.5
E02000207,Croydon 014,2017,Mean,321531,335206,336128,329710,330643.75
E02000208,Croydon 015,2017,Mean,273104,279157,280478,288072,280202.75
E02000209,Croydon 016,2017,Mean,312852,314119,310135,316485,313397.75
E02000210,Croydon 017,2017,Mean,370754,364239,363103,359670,364441.5
E02000211,Croydon 018,2017,Mean,404093,413928,417243,414980,412561
E02000212,Croydon 019,2017,Mean,300473,301040,303388,308887,303447
E02000213,Croydon 020,2017,Mean,302988,289480,279744,285928,289535
E02000214,Croydon 021,2017,Mean,460013,452928,464715,453634,457822.5
E02000215,Croydon 022,2017,Mean,348765,354644,356250,363241,355725
E02000216,Croydon 023,2017,Mean,446921,459341,488531,491128,471480.25
E02000217,Croydon 024,2017,Mean,297018,290860,290903,294449,293307.5
E02000218,Croydon 025,2017,Mean,446552,466236,484698,495968,473363.5
E02000219,Croydon 026,2017,Mean,499680,480404,481059,484018,486290.25
E02000220,Croydon 027,2017,Mean,303755,316919,346939,350200,329453.25
E02000221,Croydon 028,2017,Mean,331592,340283,345329,344183,340346.75
E02000222,Croydon 029,2017,Mean,374191,382887,397876,401234,389047
E02000223,Croydon 030,2017,Mean,274333,278857,283192,292840,282305.5
E02000224,Croydon 031,2017,Mean,368179,374508,385568,374488,375685.75
E02000225,Croydon 032,2017,Mean,308627,316316,318883,321640,316366.5
E02000226,Croydon 033,2017,Mean,437669,484671,492016,495780,477534
E02000227,Croydon 034,2017,Mean,302132,309059,313538,320354,311270.75
E02000228,Croydon 035,2017,Mean,616097,635957,623093,620609,623939
E02000229,Croydon 036,2017,Mean,296032,294681,308732,319077,304630.5
E02000230,Croydon 037,2017,Mean,423154,423929,434494,448459,432509
E02000231,Croydon 038,2017,Mean,677076,705010,746226,747820,719033
E02000232,Croydon 039,2017,Mean,536691,529997,525223,525476,529346.75
E02000233,Croydon 040,2017,Mean,423022,422729,401163,424061,417743.75
E02000234,Croydon 041,2017,Mean,480884,481751,451702,428264,460650.25
E02000235,Croydon 042,2017,Mean,480533,470588,505239,522605,494741.25
E02000236,Croydon 043,2017,Mean,501810,511153,513267,512446,509669
E02000237,Croydon 044,2017,Mean,440489,445612,443098,441360,442639.75
E02006788,Croydon 045,2017,Mean,369597,374673,378477,391997,378686
E02000238,Ealing 001,2017,Mean,357413,361137,370262,391309,370030.25
E02000239,Ealing 002,2017,Mean,430276,416631,433042,430811,427690
E02000240,Ealing 003,2017,Mean,361747,379850,374077,374889,372640.75
E02000241,Ealing 004,2017,Mean,391836,389649,393006,406332,395205.75
E02000242,Ealing 005,2017,Mean,458922,473667,469118,463240,466236.75
E02000243,Ealing 006,2017,Mean,354178,373189,403698,431715,390695
E02000244,Ealing 007,2017,Mean,398245,418707,407132,405479,407390.75
E02000245,Ealing 008,2017,Mean,291574,297335,299196,296655,296190
E02000246,Ealing 009,2017,Mean,360034,367734,359482,357306,361139
E02000247,Ealing 010,2017,Mean,298659,317161,323038,326202,316265
E02000248,Ealing 011,2017,Mean,573409,589360,554577,525188,560633.5
E02000249,Ealing 012,2017,Mean,410266,413397,411866,407082,410652.75
E02000250,Ealing 013,2017,Mean,767513,796835,811279,801696,794330.75
E02000251,Ealing 014,2017,Mean,392782,404147,413952,425677,409139.5
E02000252,Ealing 015,2017,Mean,381944,387023,412149,423476,401148
E02000253,Ealing 016,2017,Mean,457700,461872,471094,473810,466119
E02000254,Ealing 017,2017,Mean,366711,397081,398714,406643,392287.25
E02000255,Ealing 018,2017,Mean,689726,707196,731438,717608,711492
E02000256,Ealing 019,2017,Mean,679891,745451,760657,792869,744717
E02000257,Ealing 020,2017,Mean,725726,780944,830897,803802,785342.25
E02000258,Ealing 021,2017,Mean,700981,714049,683957,622076,680265.75
E02000259,Ealing 022,2017,Mean,606065,584832,578079,590606,589895.5
E02000260,Ealing 023,2017,Mean,338464,343880,337703,313542,333397.25
E02000261,Ealing 024,2017,Mean,537138,569123,622464,681830,602638.75
E02000262,Ealing 025,2017,Mean,591558,599693,608783,602414,600612
E02000263,Ealing 026,2017,Mean,312948,319383,324481,346594,325851.5
E02000264,Ealing 027,2017,Mean,804517,796123,701229,758475,765086
E02000265,Ealing 028,2017,Mean,530234,536733,560051,561111,547032.25
E02000266,Ealing 029,2017,Mean,352854,366663,392120,411555,380798
E02000267,Ealing 030,2017,Mean,572084,552648,555660,528266,552164.5
E02000268,Ealing 031,2017,Mean,810537,835650,786719,796107,807253.25
E02000269,Ealing 032,2017,Mean,785723,816343,845037,842387,822372.5
E02000270,Ealing 033,2017,Mean,547783,555070,575752,580287,564723
E02000271,Ealing 034,2017,Mean,878879,895694,908505,1031259,928584.25
E02000272,Ealing 035,2017,Mean,694668,721673,723832,707269,711860.5
E02000274,Ealing 037,2017,Mean,253165,324071,355878,339386,318125
E02000275,Ealing 038,2017,Mean,449692,495786,508776,508767,490755.25
E02000276,Ealing 039,2017,Mean,626678,615978,596142,591881,607669.75
E02006791,Ealing 040,2017,Mean,740195,778849,778158,724996,755549.5
E02000277,Enfield 001,2017,Mean,349588,356350,365084,358679,357425.25
E02000278,Enfield 002,2017,Mean,311250,316304,305473,311749,311194
E02000279,Enfield 003,2017,Mean,315235,303449,302813,289544,302760.25
E02000280,Enfield 004,2017,Mean,484304,501736,493778,474892,488677.5
E02000281,Enfield 005,2017,Mean,330670,337664,362797,375264,351598.75
E02000282,Enfield 006,2017,Mean,288231,297575,288813,321281,298975
E02000283,Enfield 007,2017,Mean,349348,344186,346000,344351,345971.25
E02000284,Enfield 008,2017,Mean,433181,437382,438010,439899,437118
E02000285,Enfield 009,2017,Mean,521246,508780,498966,488601,504398.25
E02000286,Enfield 010,2017,Mean,430332,462560,449643,443779,446578.5
E02000287,Enfield 011,2017,Mean,703848,688464,649545,662484,676085.25
E02000288,Enfield 012,2017,Mean,336934,331591,319478,322066,327517.25
E02000289,Enfield 013,2017,Mean,658441,664159,667973,660405,662744.5
E02000290,Enfield 014,2017,Mean,301728,289146,279295,272702,285717.75
E02000291,Enfield 015,2017,Mean,387300,383261,370146,386788,381873.75
E02000292,Enfield 016,2017,Mean,400220,404832,399090,392198,399085
E02000293,Enfield 017,2017,Mean,790994,848871,886732,880342,851734.75
E02000294,Enfield 018,2017,Mean,339461,336831,340959,349635,341721.5
E02000295,Enfield 019,2017,Mean,493869,491605,485975,486192,489410.25
E02000296,Enfield 020,2017,Mean,450329,449355,451137,466544,454341.25
E02000297,Enfield 021,2017,Mean,493686,498985,496521,519475,502166.75
E02000298,Enfield 022,2017,Mean,797101,806145,831599,889583,831107
E02000299,Enfield 023,2017,Mean,306032,322403,325386,326658,320119.75
E02000300,Enfield 024,2017,Mean,305346,324867,324926,319613,318688
E02000301,Enfield 025,2017,Mean,300688,289198,285955,312765,297151.5
E02000302,Enfield 026,2017,Mean,492134,487483,503623,479418,490664.5
E02000303,Enfield 027,2017,Mean,305094,324737,330819,319621,320067.75
E02000304,Enfield 028,2017,Mean,777888,761789,753637,763733,764261.75
E02000305,Enfield 029,2017,Mean,549840,562054,551558,540450,550975.5
E02000306,Enfield 030,2017,Mean,284397,275421,263450,263924,271798
E02000307,Enfield 031,2017,Mean,370269,380429,385198,391225,381780.25
E02000308,Enfield 032,2017,Mean,515691,501836,532333,563227,528271.75
E02000309,Enfield 033,2017,Mean,315605,319507,328308,318902,320580.5
E02000311,Enfield 035,2017,Mean,381408,400576,399255,424661,401475
E02000312,Enfield 036,2017,Mean,523222,529536,531918,551375,534012.75
E02006793,Enfield 037,2017,Mean,297079,297473,305381,306550,301620.75
E02000313,Greenwich 001,2017,Mean,221714,226855,226340,227216,225531.25
E02000314,Greenwich 002,2017,Mean,268074,272093,275727,284095,274997.25
E02000315,Greenwich 003,2017,Mean,298950,305793,308344,315341,307107
E02000316,Greenwich 004,2017,Mean,365526,383178,389225,419752,389420.25
E02000317,Greenwich 005,2017,Mean,379958,386344,411895,422346,400135.75
E02000318,Greenwich 006,2017,Mean,310192,319135,333361,324771,321864.75
E02000319,Greenwich 007,2017,Mean,307456,310510,320173,321499,314909.5
E02000320,Greenwich 008,2017,Mean,362623,359594,362023,359391,360907.75
E02000321,Greenwich 009,2017,Mean,289159,301060,312764,317233,305054
E02000323,Greenwich 011,2017,Mean,323180,335585,357133,386027,350481.25
E02000324,Greenwich 012,2017,Mean,458971,456880,460625,449265,456435.25
E02000326,Greenwich 014,2017,Mean,506561,482917,494773,487680,492982.75
E02000327,Greenwich 015,2017,Mean,376814,378054,339451,343000,359329.75
E02000328,Greenwich 016,2017,Mean,689600,685027,677375,692918,686230
E02000329,Greenwich 017,2017,Mean,368431,373538,371654,374024,371911.75
E02000331,Greenwich 019,2017,Mean,383997,385918,381798,377717,382357.5
E02000332,Greenwich 020,2017,Mean,382475,395079,411917,434722,406048.25
E02000333,Greenwich 021,2017,Mean,772737,779434,808208,735106,773871.25
E02000334,Greenwich 022,2017,Mean,420985,428475,444113,435817,432347.5
E02000335,Greenwich 023,2017,Mean,460687,469833,470070,473456,468511.5
E02000337,Greenwich 025,2017,Mean,369043,372224,384208,383669,377286
E02000339,Greenwich 027,2017,Mean,508017,515092,530195,550526,525957.5
E02000340,Greenwich 028,2017,Mean,388797,389314,387297,415902,395327.5
E02000341,Greenwich 029,2017,Mean,360500,359990,362923,336470,354970.75
E02000342,Greenwich 030,2017,Mean,370298,374674,402555,387652,383794.75
E02000343,Greenwich 031,2017,Mean,422695,419332,385656,380854,402134.25
E02000344,Greenwich 032,2017,Mean,411106,422907,433213,446753,428494.75
E02006786,Greenwich 033,2017,Mean,333936,340882,342169,350408,341848.75
E02006927,Greenwich 034,2017,Mean,526201,528897,517156,497229,517370.75
E02006928,Greenwich 035,2017,Mean,490150,473310,490577,491609,486411.5
E02006929,Greenwich 036,2017,Mean,515399,534178,546371,548934,536220.5
E02006930,Greenwich 037,2017,Mean,586189,588142,548472,513752,559138.75
E02006931,Greenwich 038,2017,Mean,683590,649148,623020,643837,649898.75
E02000345,Hackney 001,2017,Mean,718789,651125,634448,552188,639137.5
E02000346,Hackney 002,2017,Mean,597409,617281,626004,661585,625569.75
E02000347,Hackney 003,2017,Mean,694098,664545,663741,610605,658247.25
E02000348,Hackney 004,2017,Mean,468850,423336,525227,576088,498375.25
E02000350,Hackney 006,2017,Mean,600733,628930,639139,656895,631424.25
E02000351,Hackney 007,2017,Mean,600216,571892,503155,503136,544599.75
E02000352,Hackney 008,2017,Mean,617190,703051,725517,715159,690229.25
E02000353,Hackney 009,2017,Mean,720328,771382,801866,746754,760082.5
E02000354,Hackney 010,2017,Mean,529308,531625,550547,565438,544229.5
E02000355,Hackney 011,2017,Mean,726464,774209,758049,808405,766781.75
E02000356,Hackney 012,2017,Mean,773988,735737,742212,773049,756246.5
E02000357,Hackney 013,2017,Mean,372398,382798,389387,399446,386007.25
E02000358,Hackney 014,2017,Mean,605774,606775,604566,609182,606574.25
E02000359,Hackney 015,2017,Mean,683382,692470,680728,718423,693750.75
E02000360,Hackney 016,2017,Mean,495297,501761,485918,478575,490387.75
E02000361,Hackney 017,2017,Mean,518767,508410,553404,600544,545281.25
E02000362,Hackney 018,2017,Mean,483350,474430,465639,448510,467982.25
E02000363,Hackney 019,2017,Mean,379133,415078,436342,449272,419956.25
E02000364,Hackney 020,2017,Mean,690905,687023,711075,816456,726364.75
E02000365,Hackney 021,2017,Mean,609587,613373,624909,723344,642803.25
E02000366,Hackney 022,2017,Mean,729281,719744,727281,714471,722694.25
E02000367,Hackney 023,2017,Mean,584676,618090,641329,694766,634715.25
E02000368,Hackney 024,2017,Mean,539572,526164,565665,562333,548433.5
E02000369,Hackney 025,2017,Mean,480130,479135,454795,446449,465127.25
E02000370,Hackney 026,2017,Mean,713767,719641,707330,681399,705534.25
E02000371,Hackney 027,2017,Mean,604364,621629,667635,671891,641379.75
E02006918,Hackney 028,2017,Mean,402539,403198,396833,406059,402157.25
E02006921,Hackney 029,2017,Mean,486103,465387,495985,515927,490850.5
E02000372,Hammersmith and Fulham 001,2017,Mean,594264,575216,529822,562803,565526.25
E02000373,Hammersmith and Fulham 002,2017,Mean,430402,443148,415754,398820,422031
E02000374,Hammersmith and Fulham 003,2017,Mean,780220,763692,739820,776031,764940.75
E02000375,Hammersmith and Fulham 004,2017,Mean,651358,777349,814831,801713,761312.75
E02000376,Hammersmith and Fulham 005,2017,Mean,773717,805195,799298,709506,771929
E02000377,Hammersmith and Fulham 006,2017,Mean,619838,663644,709093,736643,682304.5
E02000378,Hammersmith and Fulham 007,2017,Mean,676446,646845,647671,681600,663140.5
E02000379,Hammersmith and Fulham 008,2017,Mean,820658,828332,894963,916038,864997.75
E02000380,Hammersmith and Fulham 009,2017,Mean,972966,968282,987473,943176,967974.25
E02000381,Hammersmith and Fulham 010,2017,Mean,1159884,1204522,1154087,1139262,1164438.75
E02000382,Hammersmith and Fulham 011,2017,Mean,876859,946422,887071,956085,916609.25
E02000383,Hammersmith and Fulham 012,2017,Mean,708735,731558,731827,713610,721432.5
E02000384,Hammersmith and Fulham 013,2017,Mean,645567,758302,1034762,1121469,890025
E02000385,Hammersmith and Fulham 014,2017,Mean,742398,727096,722951,712609,726263.5
E02000386,Hammersmith and Fulham 015,2017,Mean,635872,661744,602386,594408,623602.5
E02000387,Hammersmith and Fulham 016,2017,Mean,784154,836185,828310,803479,813032
E02000388,Hammersmith and Fulham 017,2017,Mean,923001,903382,953175,977353,939227.75
E02000389,Hammersmith and Fulham 018,2017,Mean,1186992,1149843,1179809,1104415,1155264.75
E02000390,Hammersmith and Fulham 019,2017,Mean,824747,876537,921177,1001652,906028.25
E02000391,Hammersmith and Fulham 020,2017,Mean,1384099,1346324,1318765,1419791,1367244.75
E02000392,Hammersmith and Fulham 021,2017,Mean,1157397,1048307,1038038,1082913,1081663.75
E02000393,Hammersmith and Fulham 022,2017,Mean,927020,881250,935447,966411,927532
E02000394,Hammersmith and Fulham 023,2017,Mean,1369024,1338207,1235978,1138881,1270522.5
E02000395,Hammersmith and Fulham 024,2017,Mean,1134537,1181992,1193175,1276373,1196519.25
E02000396,Hammersmith and Fulham 025,2017,Mean,959191,978949,1136592,1114698,1047357.5
E02000397,Haringey 001,2017,Mean,433576,464045,472580,505590,468947.75
E02000398,Haringey 002,2017,Mean,323933,322403,323082,309403,319705.25
E02000400,Haringey 004,2017,Mean,635264,655499,674889,652788,654610
E02000401,Haringey 005,2017,Mean,397761,400680,404698,405967,402276.5
E02000402,Haringey 006,2017,Mean,347751,357795,354328,392898,363193
E02000403,Haringey 007,2017,Mean,473788,468841,476349,458529,469376.75
E02000404,Haringey 008,2017,Mean,407346,399867,433536,441979,420682
E02000405,Haringey 009,2017,Mean,890462,894999,918392,960274,916031.75
E02000406,Haringey 010,2017,Mean,461324,444531,454248,481379,460370.5
E02000407,Haringey 011,2017,Mean,380730,419797,432515,417539,412645.25
E02000408,Haringey 012,2017,Mean,386948,378848,399120,412111,394256.75
E02000409,Haringey 013,2017,Mean,478148,459902,460334,418457,454210.25
E02000410,Haringey 014,2017,Mean,850382,781484,791404,779331,800650.25
E02000411,Haringey 015,2017,Mean,362236,386868,377021,369880,374001.25
E02000412,Haringey 016,2017,Mean,495818,494358,446552,428418,466286.5
E02000413,Haringey 017,2017,Mean,814965,866685,937053,961293,894999
E02000414,Haringey 018,2017,Mean,458586,481304,492162,504389,484110.25
E02000415,Haringey 019,2017,Mean,491992,501089,523866,512794,507435.25
E02000416,Haringey 020,2017,Mean,553357,553649,562040,560849,557473.75
E02000417,Haringey 021,2017,Mean,962734,940837,930103,976147,952455.25
E02000418,Haringey 022,2017,Mean,971912,1012355,969802,929449,970879.5
E02000419,Haringey 023,2017,Mean,588234,603937,620394,633503,611517
E02000420,Haringey 024,2017,Mean,489874,467635,456760,473187,471864
E02000421,Haringey 025,2017,Mean,368769,369634,359577,361449,364857.25
E02000422,Haringey 026,2017,Mean,428406,440535,462957,448004,444975.5
E02000423,Haringey 027,2017,Mean,527063,501168,547549,570062,536460.5
E02000424,Haringey 028,2017,Mean,715779,704566,720835,716158,714334.5
E02000425,Haringey 029,2017,Mean,606449,626574,664815,672875,642678.25
E02000426,Haringey 030,2017,Mean,1610915,1459163,1253896,1178216,1375547.5
E02000427,Haringey 031,2017,Mean,558949,546188,585522,629422,580020.25
E02000428,Haringey 032,2017,Mean,447987,454615,433032,450779,446603.25
E02000429,Haringey 033,2017,Mean,980454,904809,986859,978999,962780.25
E02000430,Haringey 034,2017,Mean,784605,782526,768802,830676,791652.25
E02000431,Haringey 035,2017,Mean,1058363,1071274,984159,992436,1026558
E02000432,Haringey 036,2017,Mean,610093,634067,628847,635664,627167.75
E02006794,Haringey 037,2017,Mean,248828,307447,326329,364300,311726
E02000433,Harrow 001,2017,Mean,865339,867521,891326,862102,871572
E02000434,Harrow 002,2017,Mean,531754,550764,532650,529529,536174.25
E02000435,Harrow 003,2017,Mean,631991,651795,608810,650391,635746.75
E02000436,Harrow 004,2017,Mean,751019,776971,825836,820810,793659
E02000437,Harrow 005,2017,Mean,455143,475375,469267,467506,466822.75
E02000438,Harrow 006,2017,Mean,544079,543031,535683,546342,542283.75
E02000439,Harrow 007,2017,Mean,426036,436700,440939,444949,437156
E02000440,Harrow 008,2017,Mean,582579,588018,590555,596538,589422.5
E02000441,Harrow 009,2017,Mean,596032,641759,611260,583955,608251.5
E02000442,Harrow 010,2017,Mean,421250,439067,444425,447962,438176
E02000443,Harrow 011,2017,Mean,381680,395777,408253,435791,405375.25
E02000444,Harrow 012,2017,Mean,521012,494744,492852,481694,497575.5
E02000445,Harrow 013,2017,Mean,403936,404202,403831,400730,403174.75
E02000447,Harrow 015,2017,Mean,582768,569692,577776,570162,575099.5
E02000448,Harrow 016,2017,Mean,682524,719636,722787,705631,707644.5
E02000449,Harrow 017,2017,Mean,425278,448866,471613,471341,454274.5
E02000451,Harrow 019,2017,Mean,514296,521657,543869,556792,534153.5
E02000452,Harrow 020,2017,Mean,372336,377477,387893,392491,382549.25
E02000453,Harrow 021,2017,Mean,433530,439788,452716,424813,437711.75
E02000454,Harrow 022,2017,Mean,623760,611290,639324,657061,632858.75
E02000455,Harrow 023,2017,Mean,389258,372482,419263,438814,404954.25
E02000456,Harrow 024,2017,Mean,460911,457514,471001,467424,464212.5
E02000457,Harrow 025,2017,Mean,510858,572094,527091,565673,543929
E02000459,Harrow 027,2017,Mean,381313,376892,373180,369848,375308.25
E02000460,Harrow 028,2017,Mean,435397,424439,437436,414556,427957
E02000461,Harrow 029,2017,Mean,468525,472507,563844,555434,515077.5
E02000462,Harrow 030,2017,Mean,386044,396165,405875,400708,397198
E02000463,Harrow 031,2017,Mean,410673,414278,414295,406011,411314.25
E02006795,Harrow 032,2017,Mean,440676,425135,427508,435192,432127.75
E02006882,Harrow 033,2017,Mean,524831,538802,541722,538753,536027
E02000464,Havering 001,2017,Mean,317382,310628,321039,328878,319481.75
E02000465,Havering 002,2017,Mean,295228,295864,298966,301618,297919
E02000466,Havering 003,2017,Mean,343858,345173,343316,343211,343889.5
E02000467,Havering 004,2017,Mean,269500,268217,269530,271701,269737
E02000468,Havering 005,2017,Mean,337509,343981,342197,343585,341818
E02000469,Havering 006,2017,Mean,295820,298786,294261,291931,295199.5
E02000470,Havering 007,2017,Mean,419079,417787,385812,382673,401337.75
E02000471,Havering 008,2017,Mean,431957,435217,451194,452377,442686.25
E02000472,Havering 009,2017,Mean,359916,369391,373132,375648,369521.75
E02000473,Havering 010,2017,Mean,356193,361993,360461,360361,359752
E02000474,Havering 011,2017,Mean,315565,326133,328153,333365,325804
E02000475,Havering 012,2017,Mean,442725,434512,463991,462651,450969.75
E02000476,Havering 013,2017,Mean,270615,273371,279768,286647,277600.25
E02000477,Havering 014,2017,Mean,442638,446327,449455,461363,449945.75
E02000478,Havering 015,2017,Mean,923430,887454,900072,922589,908386.25
E02000479,Havering 016,2017,Mean,288645,303922,312965,323687,307304.75
E02000480,Havering 017,2017,Mean,308138,306088,329266,334084,319394
E02000481,Havering 018,2017,Mean,418003,427771,434800,432054,428157
E02000482,Havering 019,2017,Mean,569895,564319,595602,599896,582428
E02000483,Havering 020,2017,Mean,341260,335942,344470,346756,342107
E02000484,Havering 021,2017,Mean,378321,383510,385886,393768,385371.25
E02000485,Havering 022,2017,Mean,416076,427142,431218,427602,425509.5
E02000486,Havering 023,2017,Mean,357136,367886,387255,391207,375871
E02000487,Havering 024,2017,Mean,623168,620515,603962,610714,614589.75
E02000488,Havering 025,2017,Mean,406300,414133,419958,420724,415278.75
E02000489,Havering 026,2017,Mean,335067,332561,333644,341183,335613.75
E02000490,Havering 027,2017,Mean,316474,319102,325925,329787,322822
E02000491,Havering 028,2017,Mean,311084,306686,309067,310639,309369
E02000492,Havering 029,2017,Mean,356249,373053,376221,371828,369337.75
E02000493,Havering 030,2017,Mean,269022,274137,282637,287945,278435.25
E02000494,Hillingdon 001,2017,Mean,952916,956872,969843,921102,950183.25
E02000495,Hillingdon 002,2017,Mean,574778,539063,559682,547422,555236.25
E02000496,Hillingdon 003,2017,Mean,442275,451800,441430,443320,444706.25
E02000497,Hillingdon 004,2017,Mean,514620,524558,535029,525173,524845
E02000498,Hillingdon 005,2017,Mean,495729,491178,472696,480026,484907.25
E02000499,Hillingdon 006,2017,Mean,564441,557555,549952,547058,554751.5
E02000500,Hillingdon 007,2017,Mean,621905,623817,622004,605404,618282.5
E02000501,Hillingdon 008,2017,Mean,519976,518271,513364,523677,518822
E02000502,Hillingdon 009,2017,Mean,520936,524222,521684,470658,509375
E02000503,Hillingdon 010,2017,Mean,472279,478811,476343,475762,475798.75
E02000504,Hillingdon 011,2017,Mean,584325,595651,626617,624427,607755
E02000506,Hillingdon 013,2017,Mean,645282,661192,627556,622378,639102
E02000507,Hillingdon 014,2017,Mean,418676,427149,421994,428002,423955.25
E02000508,Hillingdon 015,2017,Mean,485189,470058,468283,454241,469442.75
E02000509,Hillingdon 016,2017,Mean,395089,377679,358392,350634,370448.5
E02000510,Hillingdon 017,2017,Mean,441916,436881,474856,485891,459886
E02000511,Hillingdon 018,2017,Mean,384654,402854,403424,403049,398495.25
E02000512,Hillingdon 019,2017,Mean,359705,351679,343126,354203,352178.25
E02000513,Hillingdon 020,2017,Mean,311560,307844,308813,334249,315616.5
E02000514,Hillingdon 021,2017,Mean,340502,353558,364163,371135,357339.5
E02000515,Hillingdon 022,2017,Mean,300483,308322,303680,311729,306053.5
E02000516,Hillingdon 023,2017,Mean,347154,355285,371379,377541,362839.75
E02000517,Hillingdon 024,2017,Mean,336421,338957,342083,349040,341625.25
E02000518,Hillingdon 025,2017,Mean,363192,373029,366628,367235,367521
E02000519,Hillingdon 026,2017,Mean,381213,368199,384704,379817,378483.25
E02000520,Hillingdon 027,2017,Mean,326986,338630,343878,341826,337830
E02000521,Hillingdon 028,2017,Mean,382920,359578,349798,343477,358943.25
E02000522,Hillingdon 029,2017,Mean,355367,362535,381740,395993,373908.75
E02000523,Hillingdon 030,2017,Mean,269974,266741,359981,369180,316469
E02000524,Hillingdon 031,2017,Mean,302040,329263,336605,342546,327613.5
E02000525,Hillingdon 032,2017,Mean,282376,301356,317771,320140,305410.75
E02006796,Hillingdon 033,2017,Mean,411532,402688,409307,409656,408295.75
E02000526,Hounslow 001,2017,Mean,1159439,1270437,1230079,1281686,1235410.25
E02000528,Hounslow 003,2017,Mean,644628,572686,515910,520353,563394.25
E02000529,Hounslow 004,2017,Mean,345672,336179,343951,334652,340113.5
E02000530,Hounslow 005,2017,Mean,304671,308085,327500,329564,317455
E02000531,Hounslow 006,2017,Mean,472226,455167,476543,534817,484688.25
E02000532,Hounslow 007,2017,Mean,1062605,1082351,1039399,1010518,1048718.25
E02000533,Hounslow 008,2017,Mean,767788,876740,912453,855737,853179.5
E02000534,Hounslow 009,2017,Mean,477872,492321,469613,516340,489036.5
E02000535,Hounslow 010,2017,Mean,391054,425791,429812,435961,420654.5
E02000536,Hounslow 011,2017,Mean,410246,441323,453847,454563,439994.75
E02000537,Hounslow 012,2017,Mean,514781,523144,511588,524571,518521
E02000538,Hounslow 013,2017,Mean,335538,364844,365789,369774,358986.25
E02000539,Hounslow 014,2017,Mean,408359,403688,408435,419544,410006.5
E02000540,Hounslow 015,2017,Mean,403103,389070,382457,395361,392497.75
E02000541,Hounslow 016,2017,Mean,363949,372845,358543,357550,363221.75
E02000542,Hounslow 017,2017,Mean,307912,307315,277189,279349,292941.25
E02000543,Hounslow 018,2017,Mean,272995,277276,308406,355350,303506.75
E02000544,Hounslow 019,2017,Mean,440915,439564,437219,459009,444176.75
E02000545,Hounslow 020,2017,Mean,543764,525197,612525,655733,584304.75
E02000546,Hounslow 021,2017,Mean,353530,353965,360174,371561,359807.5
E02000547,Hounslow 022,2017,Mean,322541,329033,332413,339165,330788
E02000548,Hounslow 023,2017,Mean,301622,304574,311784,328015,311498.75
E02000549,Hounslow 024,2017,Mean,340727,343213,346956,356424,346830
E02000550,Hounslow 025,2017,Mean,293135,291131,298518,291602,293596.5
E02000551,Hounslow 026,2017,Mean,278588,298367,303797,316386,299284.5
E02000552,Hounslow 027,2017,Mean,297601,297198,297380,310701,300720
E02000553,Hounslow 028,2017,Mean,354220,353161,363127,362788,358324
E02006792,Hounslow 029,2017,Mean,903926,946388,936130,942691,932283.75
E02000554,Islington 001,2017,Mean,514437,437883,532572,554993,509971.25
E02000555,Islington 002,2017,Mean,609463,635227,649358,695117,647291.25
E02000556,Islington 003,2017,Mean,625519,625288,600601,599124,612633
E02000557,Islington 004,2017,Mean,563994,565903,572447,637266,584902.5
E02000558,Islington 005,2017,Mean,507468,502380,451837,476443,484532
E02000559,Islington 006,2017,Mean,756058,806522,828123,800417,797780
E02000560,Islington 007,2017,Mean,538922,555269,550544,582873,556902
E02000561,Islington 008,2017,Mean,990719,1058324,1097941,988183,1033791.75
E02000562,Islington 009,2017,Mean,744117,788318,778255,811579,780567.25
E02000563,Islington 010,2017,Mean,527672,552097,580897,541197,550465.75
E02000564,Islington 011,2017,Mean,535696,501519,492856,497847,506979.5
E02000565,Islington 012,2017,Mean,591656,573498,615030,599653,594959.25
E02000566,Islington 013,2017,Mean,921954,968415,955043,941734,946786.5
E02000567,Islington 014,2017,Mean,706857,712532,775512,753493,737098.5
E02000568,Islington 015,2017,Mean,555749,585512,591357,537617,567558.75
E02000569,Islington 016,2017,Mean,809930,842633,982346,998532,908360.25
E02000570,Islington 017,2017,Mean,1084160,1130100,1115527,1059580,1097341.75
E02000571,Islington 018,2017,Mean,666725,655175,704780,776148,700707
E02000572,Islington 019,2017,Mean,490604,576404,586022,598608,562909.5
E02000573,Islington 020,2017,Mean,1079484,1242771,1278575,1243050,1210970
E02000574,Islington 021,2017,Mean,835278,848360,841140,882704,851870.5
E02000575,Islington 022,2017,Mean,922966,934225,946255,908759,928051.25
E02000576,Islington 023,2017,Mean,757871,738311,727889,715274,734836.25
E02000577,Kensington and Chelsea 001,2017,Mean,729894,837837,844007,823330,808767
E02000578,Kensington and Chelsea 002,2017,Mean,640781,939511,1207589,1369841,1039430.5
E02000579,Kensington and Chelsea 003,2017,Mean,1273449,1317510,1202270,1099301,1223132.5
E02000580,Kensington and Chelsea 004,2017,Mean,1011542,1058820,1029640,1071668,1042917.5
E02000581,Kensington and Chelsea 005,2017,Mean,1306233,1147694,998697,963463,1104021.75
E02000582,Kensington and Chelsea 006,2017,Mean,1929026,1793230,1673371,1753579,1787301.5
E02000583,Kensington and Chelsea 007,2017,Mean,2699246,2686309,2739804,2762387,2721936.5
E02000584,Kensington and Chelsea 008,2017,Mean,2394784,2601850,2821742,3502706,2830270.5
E02000585,Kensington and Chelsea 009,2017,Mean,1773100,1712735,1793113,1593565,1718128.25
E02000586,Kensington and Chelsea 010,2017,Mean,2999110,2966027,2753486,2506216,2806209.75
E02000587,Kensington and Chelsea 011,2017,Mean,2123598,2643182,2718641,2683531,2542238
E02000588,Kensington and Chelsea 012,2017,Mean,3778106,3475839,3372985,3197276,3456051.5
E02000589,Kensington and Chelsea 013,2017,Mean,1448901,1552833,1470538,1418515,1472696.75
E02000590,Kensington and Chelsea 014,2017,Mean,2694409,2517664,2307705,1986196,2376493.5
E02000591,Kensington and Chelsea 015,2017,Mean,1540990,1537421,1589282,1451722,1529853.75
E02000592,Kensington and Chelsea 016,2017,Mean,2130892,2249384,2311470,2100134,2197970
E02000593,Kensington and Chelsea 017,2017,Mean,1300074,1292586,1279536,1400113,1318077.25
E02000594,Kensington and Chelsea 018,2017,Mean,1828845,2175521,2379258,2382644,2191567
E02000595,Kensington and Chelsea 019,2017,Mean,2449092,2623793,2624427,2345427,2510684.75
E02000596,Kensington and Chelsea 020,2017,Mean,1721211,1682559,1706720,1624948,1683859.5
E02000597,Kensington and Chelsea 021,2017,Mean,1103570,1242360,1215956,1157496,1179845.5
E02000598,Kingston upon Thames 001,2017,Mean,798871,789591,812435,751280,788044.25
E02000599,Kingston upon Thames 002,2017,Mean,1284177,1287855,1292635,1411690,1319089.25
E02000600,Kingston upon Thames 003,2017,Mean,588961,586637,573376,562729,577925.75
E02000601,Kingston upon Thames 004,2017,Mean,642097,645011,659754,657727,651147.25
E02000602,Kingston upon Thames 005,2017,Mean,472377,482344,505471,506652,491711
E02000603,Kingston upon Thames 006,2017,Mean,512601,521087,514583,532093,520091
E02000604,Kingston upon Thames 007,2017,Mean,585232,582375,630237,624088,605483
E02000605,Kingston upon Thames 008,2017,Mean,573785,580338,599986,611684,591448.25
E02000606,Kingston upon Thames 009,2017,Mean,529984,533843,554258,551306,542347.75
E02000607,Kingston upon Thames 010,2017,Mean,589812,586008,585997,598534,590087.75
E02000608,Kingston upon Thames 011,2017,Mean,493948,482547,489764,514109,495092
E02000609,Kingston upon Thames 012,2017,Mean,543783,523329,543595,562343,543262.5
E02000610,Kingston upon Thames 013,2017,Mean,455029,476344,494098,485707,477794.5
E02000611,Kingston upon Thames 014,2017,Mean,618321,613281,658400,670987,640247.25
E02000612,Kingston upon Thames 015,2017,Mean,540755,516970,537846,526857,530607
E02000613,Kingston upon Thames 016,2017,Mean,557799,558802,582897,577646,569286
E02000614,Kingston upon Thames 017,2017,Mean,415242,427814,428221,430472,425437.25
E02000615,Kingston upon Thames 018,2017,Mean,406900,418650,440315,439407,426318
E02000616,Kingston upon Thames 019,2017,Mean,374807,377009,382458,383240,379378.5
E02000617,Kingston upon Thames 020,2017,Mean,399592,408521,411981,410407,407625.25
E02000619,Lambeth 002,2017,Mean,511503,470474,483105,492156,489309.5
E02000620,Lambeth 003,2017,Mean,704758,945963,1170889,1229649,1012814.75
E02000621,Lambeth 004,2017,Mean,723310,663447,654858,667174,677197.25
E02000622,Lambeth 005,2017,Mean,622775,672928,682940,715743,673596.5
E02000623,Lambeth 006,2017,Mean,571328,600460,655916,692276,629995
E02000624,Lambeth 007,2017,Mean,478229,474485,498035,456200,476737.25
E02000625,Lambeth 008,2017,Mean,543413,528563,521095,489726,520699.25
E02000626,Lambeth 009,2017,Mean,470686,492407,523088,528750,503732.75
E02000627,Lambeth 010,2017,Mean,627574,603614,614418,643052,622164.5
E02000628,Lambeth 011,2017,Mean,503189,442785,425031,419366,447592.75
E02000629,Lambeth 012,2017,Mean,640598,674032,695420,696848,676724.5
E02000630,Lambeth 013,2017,Mean,864929,897413,896859,810179,867345
E02000631,Lambeth 014,2017,Mean,724722,730574,684159,666895,701587.5
E02000632,Lambeth 015,2017,Mean,580043,606106,652900,648248,621824.25
E02000633,Lambeth 016,2017,Mean,576591,596646,621801,568854,590973
E02000634,Lambeth 017,2017,Mean,629564,659300,664660,717084,667652
E02000635,Lambeth 018,2017,Mean,679905,660073,638929,652234,657785.25
E02000636,Lambeth 019,2017,Mean,974941,1009085,945615,980677,977579.5
E02000637,Lambeth 020,2017,Mean,596072,596059,625774,634894,613199.75
E02000638,Lambeth 021,2017,Mean,483661,489807,481150,475628,482561.5
E02000639,Lambeth 022,2017,Mean,496391,489292,451636,443444,470190.75
E02000640,Lambeth 023,2017,Mean,726433,692016,698627,733381,712614.25
E02000641,Lambeth 024,2017,Mean,436423,439422,424076,405827,426437
E02000642,Lambeth 025,2017,Mean,582664,609075,593023,576566,590332
E02000643,Lambeth 026,2017,Mean,530067,537878,561869,590171,554996.25
E02000644,Lambeth 027,2017,Mean,514252,539135,551573,549654,538653.5
E02000645,Lambeth 028,2017,Mean,565301,564627,570361,562715,565751
E02000646,Lambeth 029,2017,Mean,503790,522514,529871,533085,522315
E02000647,Lambeth 030,2017,Mean,579831,575321,556706,583446,573826
E02000648,Lambeth 031,2017,Mean,409295,409147,428450,443102,422498.5
E02000649,Lambeth 032,2017,Mean,470399,483452,495115,513505,490617.75
E02000650,Lambeth 033,2017,Mean,503591,489185,461975,465351,480025.5
E02000651,Lambeth 034,2017,Mean,524141,517418,517507,527419,521621.25
E02000652,Lambeth 035,2017,Mean,453793,454355,456619,462023,456697.5
E02006801,Lambeth 036,2017,Mean,767586,775153,720207,799253,765549.75
E02000653,Lewisham 001,2017,Mean,450275,495824,503398,507484,489245.25
E02000654,Lewisham 002,2017,Mean,347543,366882,357704,423471,373900
E02000655,Lewisham 003,2017,Mean,370746,349257,366476,360130,361652.25
E02000657,Lewisham 005,2017,Mean,445435,445121,484783,510255,471398.5
E02000658,Lewisham 006,2017,Mean,550362,582507,584118,625096,585520.75
E02000659,Lewisham 007,2017,Mean,549933,546149,494558,532973,530903.25
E02000660,Lewisham 008,2017,Mean,507400,535070,519604,527675,522437.25
E02000661,Lewisham 009,2017,Mean,564710,591325,571499,593575,580277.25
E02000662,Lewisham 010,2017,Mean,465217,465632,491892,516734,484868.75
E02000663,Lewisham 011,2017,Mean,581368,569615,578629,599483,582273.75
E02000664,Lewisham 012,2017,Mean,346523,349519,355974,382037,358513.25
E02000665,Lewisham 013,2017,Mean,530082,538875,560022,556792,546442.75
E02000666,Lewisham 014,2017,Mean,482218,466854,493319,503870,486565.25
E02000667,Lewisham 015,2017,Mean,553596,560861,560536,549250,556060.75
E02000668,Lewisham 016,2017,Mean,532324,579213,583358,570784,566419.75
E02000669,Lewisham 017,2017,Mean,444038,449241,457463,444420,448790.5
E02000670,Lewisham 018,2017,Mean,377366,369631,389174,383049,379805
E02000671,Lewisham 019,2017,Mean,489392,511139,533322,525851,514926
E02000672,Lewisham 020,2017,Mean,391958,430997,442454,443098,427126.75
E02000673,Lewisham 021,2017,Mean,539830,534150,587235,595908,564280.75
E02000674,Lewisham 022,2017,Mean,476692,475298,489657,474558,479051.25
E02000675,Lewisham 023,2017,Mean,414230,405556,417243,410780,411952.25
E02000676,Lewisham 024,2017,Mean,497860,508788,527290,543307,519311.25
E02000677,Lewisham 025,2017,Mean,480848,470886,495072,501633,487109.75
E02000678,Lewisham 026,2017,Mean,307219,303150,317378,326730,313619.25
E02000679,Lewisham 027,2017,Mean,464935,472867,516669,509350,490955.25
E02000680,Lewisham 028,2017,Mean,421276,466133,502843,508038,474572.5
E02000681,Lewisham 029,2017,Mean,359772,381654,404914,407841,388545.25
E02000682,Lewisham 030,2017,Mean,367037,382386,381495,377327,377061.25
E02000683,Lewisham 031,2017,Mean,306744,309903,308936,299597,306295
E02000685,Lewisham 033,2017,Mean,426893,424519,453586,457595,440648.25
E02000686,Lewisham 034,2017,Mean,304616,320953,317819,302065,311363.25
E02000687,Lewisham 035,2017,Mean,471489,479375,500290,508564,489929.5
E02006783,Lewisham 037,2017,Mean,327428,332654,337016,338193,333822.75
E02006784,Lewisham 038,2017,Mean,338949,344081,336270,335574,338718.5
E02006798,Lewisham 039,2017,Mean,357369,382464,372259,403041,378783.25
E02000689,Merton 001,2017,Mean,909479,887806,900551,894004,897960
E02000690,Merton 002,2017,Mean,2291698,2333519,2227574,2004981,2214443
E02000691,Merton 003,2017,Mean,900564,859649,806254,811558,844506.25
E02000692,Merton 004,2017,Mean,1376138,1251255,1262763,1223451,1278401.75
E02000693,Merton 005,2017,Mean,437082,459930,464947,482471,461107.5
E02000694,Merton 006,2017,Mean,670970,677605,670296,684614,675871.25
E02000695,Merton 007,2017,Mean,517232,516567,510521,507633,512988.25
E02000696,Merton 008,2017,Mean,393524,388845,388829,391721,390729.75
E02000697,Merton 009,2017,Mean,636989,627569,649142,673254,646738.5
E02000698,Merton 010,2017,Mean,967389,1207873,1199213,1232316,1151697.75
E02000699,Merton 011,2017,Mean,634924,649289,657964,656703,649720
E02000700,Merton 012,2017,Mean,353085,355180,367897,354260,357605.5
E02000701,Merton 013,2017,Mean,358038,360932,363044,361991,361001.25
E02000702,Merton 014,2017,Mean,361933,351523,343002,333589,347511.75
E02000703,Merton 015,2017,Mean,646279,676705,663525,682425,667233.5
E02000704,Merton 016,2017,Mean,522222,539656,534194,546353,535606.25
E02000705,Merton 017,2017,Mean,387207,399491,402159,400548,397351.25
E02000706,Merton 018,2017,Mean,307224,312850,328829,324512,318353.75
E02000707,Merton 019,2017,Mean,341788,354102,357364,351683,351234.25
E02000708,Merton 020,2017,Mean,454565,471818,474155,538405,484735.75
E02000709,Merton 021,2017,Mean,501617,501149,510049,523035,508962.5
E02000710,Merton 022,2017,Mean,328247,327837,324583,313575,323560.5
E02000711,Merton 023,2017,Mean,353256,360312,377330,385597,369123.75
E02000712,Merton 024,2017,Mean,371142,383174,376004,394855,381293.75
E02000713,Merton 025,2017,Mean,404263,411287,420748,420433,414182.75
E02000714,Newham 001,2017,Mean,418605,432810,416099,447926,428860
E02000715,Newham 002,2017,Mean,323736,336357,335310,328448,330962.75
E02000716,Newham 003,2017,Mean,383397,352500,384211,411700,382952
E02000717,Newham 004,2017,Mean,358271,383286,364056,339411,361256
E02000718,Newham 005,2017,Mean,264941,263474,261394,260839,262662
E02000719,Newham 006,2017,Mean,370309,355937,370893,370416,366888.75
E02000720,Newham 007,2017,Mean,562487,537279,557905,576948,558654.75
E02000721,Newham 008,2017,Mean,403215,375715,427387,421317,406908.5
E02000722,Newham 009,2017,Mean,411906,413924,406268,413459,411389.25
E02000723,Newham 010,2017,Mean,352455,381962,384717,390953,377521.75
E02000724,Newham 011,2017,Mean,368875,362748,355312,348878,358953.25
E02000725,Newham 012,2017,Mean,383711,380610,384060,369290,379417.75
E02000726,Newham 013,2017,Mean,414801,442308,451551,452099,440189.75
E02000727,Newham 014,2017,Mean,305907,315420,330700,354696,326680.75
E02000728,Newham 015,2017,Mean,374295,352978,339619,341891,352195.75
E02000729,Newham 016,2017,Mean,439451,453879,461241,443161,449433
E02000730,Newham 017,2017,Mean,394775,413558,411188,400320,404960.25
E02000731,Newham 018,2017,Mean,321428,335434,348481,354608,339987.75
E02000732,Newham 019,2017,Mean,318063,338836,342099,345077,336018.75
E02000733,Newham 020,2017,Mean,322869,325170,327317,352471,331956.75
E02000734,Newham 021,2017,Mean,336835,331523,344349,347278,339996.25
E02000735,Newham 022,2017,Mean,330619,331350,337402,401207,350144.5
E02000736,Newham 023,2017,Mean,307017,324430,311323,312139,313727.25
E02000737,Newham 024,2017,Mean,328997,330446,339556,336086,333771.25
E02000738,Newham 025,2017,Mean,359527,358188,363220,363071,361001.5
E02000739,Newham 026,2017,Mean,326020,319486,321069,328992,323891.75
E02000740,Newham 027,2017,Mean,326014,318513,322431,320329,321821.75
E02000741,Newham 028,2017,Mean,337652,339669,341276,353935,343133
E02000742,Newham 029,2017,Mean,320196,316681,322245,315190,318578
E02000743,Newham 030,2017,Mean,376184,373825,375729,324194,362483
E02000744,Newham 031,2017,Mean,349841,368666,368246,366966,363429.75
E02000745,Newham 032,2017,Mean,305292,307714,334415,344000,322855.25
E02000746,Newham 033,2017,Mean,381611,390683,403906,403703,394975.75
E02000747,Newham 034,2017,Mean,400385,399555,396511,395966,398104.25
E02000748,Newham 035,2017,Mean,299980,298484,316023,333343,311957.5
E02000749,Newham 036,2017,Mean,337689,344333,347096,349763,344720.25
E02000750,Newham 037,2017,Mean,502545,531566,499325,481169,503651.25
E02000751,Redbridge 001,2017,Mean,589855,608012,667326,699313,641126.5
E02000752,Redbridge 002,2017,Mean,350108,353021,357725,364959,356453.25
E02000753,Redbridge 003,2017,Mean,368460,361278,360799,357261,361949.5
E02000754,Redbridge 004,2017,Mean,472304,483039,480926,493549,482454.5
E02000755,Redbridge 005,2017,Mean,398395,397039,409986,424966,407596.5
E02000756,Redbridge 006,2017,Mean,432110,447621,442803,428969,437875.75
E02000757,Redbridge 007,2017,Mean,483936,496572,507522,515066,500774
E02000758,Redbridge 008,2017,Mean,452334,462403,450964,444421,452530.5
E02000759,Redbridge 009,2017,Mean,499492,504825,501491,507500,503327
E02000760,Redbridge 010,2017,Mean,377638,384555,389639,390051,385470.75
E02000762,Redbridge 012,2017,Mean,427627,448205,457411,501314,458639.25
E02000763,Redbridge 013,2017,Mean,362554,352925,367501,362803,361445.75
E02000764,Redbridge 014,2017,Mean,510667,515440,534733,553301,528535.25
E02000765,Redbridge 015,2017,Mean,412893,413406,433660,423066,420756.25
E02000767,Redbridge 017,2017,Mean,393041,402281,398507,378875,393176
E02000768,Redbridge 018,2017,Mean,760995,756880,748185,750103,754040.75
E02000769,Redbridge 019,2017,Mean,328301,330602,329676,329167,329436.5
E02000770,Redbridge 020,2017,Mean,349994,372430,388254,381164,372960.5
E02000772,Redbridge 022,2017,Mean,359708,370818,367225,397081,373708
E02000773,Redbridge 023,2017,Mean,357111,361587,382950,404199,376461.75
E02000774,Redbridge 024,2017,Mean,363749,375363,393801,380894,378451.75
E02000776,Redbridge 026,2017,Mean,416067,407118,435787,414673,418411.25
E02000777,Redbridge 027,2017,Mean,599870,575539,632697,650690,614699
E02000779,Redbridge 029,2017,Mean,290932,301602,288250,275135,288979.75
E02000780,Redbridge 030,2017,Mean,303201,307025,320280,329499,315001.25
E02000781,Redbridge 031,2017,Mean,422462,419546,416662,407411,416520.25
E02000782,Redbridge 032,2017,Mean,300538,306679,305566,311039,305955.5
E02000783,Redbridge 033,2017,Mean,325698,320774,328234,325391,325024.25
E02006800,Redbridge 034,2017,Mean,346355,342515,343242,365741,349463.25
E02006924,Redbridge 035,2017,Mean,397243,408422,432495,467232,426348
E02006925,Redbridge 036,2017,Mean,491015,511040,518654,516819,509382
E02000784,Richmond upon Thames 001,2017,Mean,1433595,1400240,1426592,1438492,1424729.75
E02000785,Richmond upon Thames 002,2017,Mean,985697,935701,968888,961564,962962.5
E02000786,Richmond upon Thames 003,2017,Mean,1061683,1045971,992283,1008301,1027059.5
E02000787,Richmond upon Thames 004,2017,Mean,655307,681616,693173,688833,679732.25
E02000788,Richmond upon Thames 005,2017,Mean,928638,911380,928125,898566,916677.25
E02000789,Richmond upon Thames 006,2017,Mean,895303,902274,953258,925072,918976.75
E02000790,Richmond upon Thames 007,2017,Mean,916454,881943,828894,850128,869354.75
E02000791,Richmond upon Thames 008,2017,Mean,1247035,1312403,1309625,1347449,1304128
E02000792,Richmond upon Thames 009,2017,Mean,883622,868203,899013,916674,891878
E02000793,Richmond upon Thames 010,2017,Mean,472774,481648,464527,480477,474856.5
E02000794,Richmond upon Thames 011,2017,Mean,650322,720142,770950,789340,732688.5
E02000795,Richmond upon Thames 012,2017,Mean,1365694,1359648,1318531,1275063,1329734
E02000796,Richmond upon Thames 013,2017,Mean,486114,484601,504443,510379,496384.25
E02000797,Richmond upon Thames 014,2017,Mean,634935,640586,622324,695397,648310.5
E02000798,Richmond upon Thames 015,2017,Mean,553822,573051,570006,569291,566542.5
E02000799,Richmond upon Thames 016,2017,Mean,653609,663614,694838,714977,681759.5
E02000800,Richmond upon Thames 017,2017,Mean,551917,567233,597377,617742,583567.25
E02000801,Richmond upon Thames 018,2017,Mean,725795,722191,714975,700082,715760.75
E02000802,Richmond upon Thames 019,2017,Mean,665049,661855,649777,644888,655392.25
E02000803,Richmond upon Thames 020,2017,Mean,484071,491469,500265,502830,494658.75
E02000804,Richmond upon Thames 021,2017,Mean,669424,680389,699320,753860,700748.25
E02000805,Richmond upon Thames 022,2017,Mean,706593,725548,766377,756766,738821
E02000806,Richmond upon Thames 023,2017,Mean,629514,671276,668903,694450,666035.75
E02000807,Southwark 001,2017,Mean,546951,547132,564967,561712,555190.5
E02000808,Southwark 002,2017,Mean,1363874,1159075,1084706,943121,1137694
E02000809,Southwark 003,2017,Mean,1246615,1285525,1296285,1276460,1276221.25
E02000810,Southwark 004,2017,Mean,438919,475810,494498,522568,482948.75
E02000812,Southwark 006,2017,Mean,710315,704997,667947,644461,681930
E02000813,Southwark 007,2017,Mean,472419,506254,553505,537293,517367.75
E02000814,Southwark 008,2017,Mean,533583,548839,564972,578298,556423
E02000815,Southwark 009,2017,Mean,527404,567677,544679,555093,548713.25
E02000816,Southwark 010,2017,Mean,420717,429792,437440,414990,425734.75
E02000817,Southwark 011,2017,Mean,434150,424066,409526,415813,420888.75
E02000818,Southwark 012,2017,Mean,563240,535587,545881,541164,546468
E02000819,Southwark 013,2017,Mean,438964,436604,414936,410771,425318.75
E02000820,Southwark 014,2017,Mean,490313,548527,576726,579680,548811.5
E02000821,Southwark 015,2017,Mean,466438,526184,533944,539165,516432.75
E02000822,Southwark 016,2017,Mean,478350,472792,455126,459622,466472.5
E02000823,Southwark 017,2017,Mean,567003,585413,564030,526937,560845.75
E02000824,Southwark 018,2017,Mean,343095,338084,449778,461577,398133.5
E02000825,Southwark 019,2017,Mean,331578,324543,347190,345618,337232.25
E02000826,Southwark 020,2017,Mean,436297,415615,406165,413943,418005
E02000827,Southwark 021,2017,Mean,470707,480837,496073,478881,481624.5
E02000828,Southwark 022,2017,Mean,457609,455855,422339,417049,438213
E02000829,Southwark 023,2017,Mean,495254,526093,518563,525712,516405.5
E02000830,Southwark 024,2017,Mean,648568,641973,652954,654467,649490.5
E02000831,Southwark 025,2017,Mean,648050,621113,646438,652009,641902.5
E02000832,Southwark 026,2017,Mean,521493,524767,525086,535003,526587.25
E02000833,Southwark 027,2017,Mean,439942,450742,448421,461403,450127
E02000834,Southwark 028,2017,Mean,651729,636485,650017,656597,648707
E02000835,Southwark 029,2017,Mean,549488,544683,633089,631836,589774
E02000836,Southwark 030,2017,Mean,726071,694963,756784,736581,728599.75
E02000837,Southwark 031,2017,Mean,1312302,1373558,1272867,1247404,1301532.75
E02000838,Southwark 032,2017,Mean,578026,587145,582212,598611,586498.5
E02000839,Southwark 033,2017,Mean,621265,680896,678555,672787,663375.75
E02006802,Southwark 034,2017,Mean,627072,635944,760427,762157,696400
E02000840,Sutton 001,2017,Mean,312817,324214,327031,328365,323106.75
E02000841,Sutton 002,2017,Mean,326048,327825,322297,322521,324672.75
E02000842,Sutton 003,2017,Mean,409112,406813,413271,427920,414279
E02000843,Sutton 004,2017,Mean,322821,326036,322118,321545,323130
E02000844,Sutton 005,2017,Mean,345523,341121,342202,344090,343234
E02000845,Sutton 006,2017,Mean,439024,437001,437238,440584,438461.75
E02000846,Sutton 007,2017,Mean,376733,376948,369852,409465,383249.5
E02000847,Sutton 008,2017,Mean,406243,445595,464673,471476,446996.75
E02000848,Sutton 009,2017,Mean,406630,440624,448045,451043,436585.5
E02000849,Sutton 010,2017,Mean,358066,364277,375403,385809,370888.75
E02000850,Sutton 011,2017,Mean,365304,369651,376468,393909,376333
E02000851,Sutton 012,2017,Mean,316421,326188,320284,327601,322623.5
E02000852,Sutton 013,2017,Mean,385487,384000,384096,395008,387147.75
E02000853,Sutton 014,2017,Mean,379299,383826,386604,391408,385284.25
E02000854,Sutton 015,2017,Mean,446016,449688,449607,446776,448021.75
E02000855,Sutton 016,2017,Mean,541828,520301,526438,532185,530188
E02000856,Sutton 017,2017,Mean,364066,368704,363174,353191,362283.75
E02000857,Sutton 018,2017,Mean,334610,337173,327637,327170,331647.5
E02000858,Sutton 019,2017,Mean,302973,299045,307180,344072,313317.5
E02000859,Sutton 020,2017,Mean,388943,386026,425838,436533,409335
E02000860,Sutton 021,2017,Mean,310328,309053,307816,297290,306121.75
E02000861,Sutton 022,2017,Mean,641290,630702,683156,674166,657328.5
E02000863,Sutton 024,2017,Mean,501253,513642,503796,510226,507229.25
E02006836,Sutton 025,2017,Mean,689384,677905,673139,601047,660368.75
E02000864,Tower Hamlets 001,2017,Mean,425986,431855,427039,439787,431166.75
E02000865,Tower Hamlets 002,2017,Mean,476378,458871,500970,516280,488124.75
E02000866,Tower Hamlets 003,2017,Mean,692228,746792,719616,710919,717388.75
E02000867,Tower Hamlets 004,2017,Mean,458037,450475,466981,475993,462871.5
E02000868,Tower Hamlets 005,2017,Mean,580490,590887,575896,574401,580418.5
E02000869,Tower Hamlets 006,2017,Mean,634216,669670,719429,751367,693670.5
E02000870,Tower Hamlets 007,2017,Mean,518115,534369,535805,533147,530359
E02000871,Tower Hamlets 008,2017,Mean,385416,387440,382896,358379,378532.75
E02000872,Tower Hamlets 009,2017,Mean,683464,681725,663504,647303,668999
E02000873,Tower Hamlets 010,2017,Mean,548117,549657,532682,530116,540143
E02000874,Tower Hamlets 011,2017,Mean,555166,571659,543404,492133,540590.5
E02000875,Tower Hamlets 012,2017,Mean,422267,412561,401255,385839,405480.5
E02000876,Tower Hamlets 013,2017,Mean,478841,438342,443862,448195,452310
E02000877,Tower Hamlets 014,2017,Mean,435655,430913,441327,458755,441662.5
E02000878,Tower Hamlets 015,2017,Mean,687512,728927,679016,694224,697419.75
E02000879,Tower Hamlets 016,2017,Mean,439466,445836,475621,514644,468891.75
E02000880,Tower Hamlets 017,2017,Mean,535337,495658,513408,487155,507889.5
E02000881,Tower Hamlets 018,2017,Mean,361644,376473,382613,393525,378563.75
E02000882,Tower Hamlets 019,2017,Mean,416547,411178,422267,403994,413496.5
E02000883,Tower Hamlets 020,2017,Mean,370452,375151,370901,364709,370303.25
E02000884,Tower Hamlets 021,2017,Mean,761054,708578,763682,783834,754287
E02000885,Tower Hamlets 022,2017,Mean,373838,359144,380652,382452,374021.5
E02000886,Tower Hamlets 023,2017,Mean,471818,459026,472370,480915,471032.25
E02000887,Tower Hamlets 024,2017,Mean,373121,370518,378630,384642,376727.75
E02000888,Tower Hamlets 025,2017,Mean,597691,595281,556989,525505,568866.5
E02000889,Tower Hamlets 026,2017,Mean,615514,702731,771699,830314,730064.5
E02000890,Tower Hamlets 027,2017,Mean,947157,907415,950667,920539,931444.5
E02000891,Tower Hamlets 028,2017,Mean,536151,560876,593632,578100,567189.75
E02000893,Tower Hamlets 030,2017,Mean,571019,536066,499098,511136,529329.75
E02000894,Tower Hamlets 031,2017,Mean,456014,484252,488694,486223,478795.75
E02006853,Tower Hamlets 032,2017,Mean,501669,541517,493847,490520,506888.25
E02006854,Tower Hamlets 033,2017,Mean,585837,575229,591498,579342,582976.5
E02000895,Waltham Forest 001,2017,Mean,427082,431371,434089,424443,429246.25
E02000896,Waltham Forest 002,2017,Mean,463841,475268,509178,520791,492269.5
E02000897,Waltham Forest 003,2017,Mean,417309,417979,428738,430727,423688.25
E02000898,Waltham Forest 004,2017,Mean,432352,437409,441948,433543,436313
E02000899,Waltham Forest 005,2017,Mean,406037,400745,407484,421778,409011
E02000900,Waltham Forest 006,2017,Mean,370240,368803,358533,361939,364878.75
E02000901,Waltham Forest 007,2017,Mean,491399,497362,517887,527700,508587
E02000902,Waltham Forest 008,2017,Mean,373163,382713,381788,360931,374648.75
E02000903,Waltham Forest 009,2017,Mean,425967,423878,437455,440179,431869.75
E02000904,Waltham Forest 010,2017,Mean,443089,462459,481732,470859,464534.75
E02000905,Waltham Forest 011,2017,Mean,505809,509243,530755,529197,518751
E02000906,Waltham Forest 012,2017,Mean,445334,462248,462765,477239,461896.5
E02000907,Waltham Forest 013,2017,Mean,439871,460426,448169,475123,455897.25
E02000908,Waltham Forest 014,2017,Mean,389205,395365,417434,426998,407250.5
E02000909,Waltham Forest 015,2017,Mean,494251,508319,530684,558658,522978
E02000910,Waltham Forest 016,2017,Mean,503162,507518,525436,536663,518194.75
E02000911,Waltham Forest 017,2017,Mean,457260,453226,463114,451980,456395
E02000912,Waltham Forest 018,2017,Mean,467897,466435,471020,475666,470254.5
E02000913,Waltham Forest 019,2017,Mean,522435,489274,470962,483058,491432.25
E02000914,Waltham Forest 020,2017,Mean,417191,427868,448645,444810,434628.5
E02000915,Waltham Forest 021,2017,Mean,462322,472193,489331,484240,477021.5
E02000916,Waltham Forest 022,2017,Mean,376021,375231,381395,388758,380351.25
E02000917,Waltham Forest 023,2017,Mean,411562,424198,438748,448434,430735.5
E02000918,Waltham Forest 024,2017,Mean,461514,467976,494676,503802,481992
E02000919,Waltham Forest 025,2017,Mean,473119,477590,482844,501442,483748.75
E02000920,Waltham Forest 026,2017,Mean,422093,425939,426339,416006,422594.25
E02000921,Waltham Forest 027,2017,Mean,415831,408820,419161,408234,413011.5
E02000922,Waltham Forest 028,2017,Mean,425848,436498,427964,421225,427883.75
E02000923,Wandsworth 001,2017,Mean,1022686,979854,1036826,1018048,1014353.5
E02000924,Wandsworth 002,2017,Mean,1023231,1115004,1037346,1033788,1052342.25
E02000925,Wandsworth 003,2017,Mean,780466,723002,733100,866917,775871.25
E02000926,Wandsworth 004,2017,Mean,814511,818142,783680,805805,805534.5
E02000927,Wandsworth 005,2017,Mean,701454,712011,706308,700369,705035.5
E02000928,Wandsworth 006,2017,Mean,1022814,996144,1043407,1021049,1020853.5
E02000929,Wandsworth 007,2017,Mean,492349,514169,511640,501634,504948
E02000930,Wandsworth 008,2017,Mean,829672,832485,794479,802483,814779.75
E02000931,Wandsworth 009,2017,Mean,928447,954635,942063,927633,938194.5
E02000932,Wandsworth 010,2017,Mean,727873,740532,738645,735072,735530.5
E02000933,Wandsworth 011,2017,Mean,803052,818804,797489,716987,784083
E02000934,Wandsworth 012,2017,Mean,728498,788487,789935,810803,779430.75
E02000935,Wandsworth 013,2017,Mean,1177303,1334936,429842,594783,884216
E02000936,Wandsworth 014,2017,Mean,643724,601497,591066,570358,601661.25
E02000937,Wandsworth 015,2017,Mean,1175400,1172891,1265421,1251906,1216404.5
E02000938,Wandsworth 016,2017,Mean,730311,777963,760124,775742,761035
E02000939,Wandsworth 017,2017,Mean,1431081,1302477,1387708,1371103,1373092.25
E02000940,Wandsworth 018,2017,Mean,476090,478219,486048,498022,484594.75
E02000941,Wandsworth 019,2017,Mean,822305,895850,859009,849421,856646.25
E02000942,Wandsworth 020,2017,Mean,822148,868296,859807,870050,855075.25
E02000943,Wandsworth 021,2017,Mean,781270,774659,786256,774520,779176.25
E02000944,Wandsworth 022,2017,Mean,434371,413412,437827,456577,435546.75
E02000945,Wandsworth 023,2017,Mean,402860,438011,478666,495010,453636.75
E02000946,Wandsworth 024,2017,Mean,661029,666018,670309,628381,656434.25
E02000947,Wandsworth 025,2017,Mean,741522,725459,705987,691353,716080.25
E02000948,Wandsworth 026,2017,Mean,659562,657016,689726,678798,671275.5
E02000949,Wandsworth 027,2017,Mean,814116,833408,865729,928102,860338.75
E02000950,Wandsworth 028,2017,Mean,570762,617139,581768,597727,591849
E02000951,Wandsworth 029,2017,Mean,749092,751733,716498,666341,720916
E02000952,Wandsworth 030,2017,Mean,843501,832259,898486,829436,850920.5
E02000953,Wandsworth 031,2017,Mean,653874,679298,674908,667307,668846.75
E02000954,Wandsworth 032,2017,Mean,714547,728112,706248,688583,709372.5
E02000955,Wandsworth 033,2017,Mean,590259,601200,579426,571150,585508.75
E02000956,Wandsworth 034,2017,Mean,511085,523569,505413,500363,510107.5
E02000957,Wandsworth 035,2017,Mean,540015,543291,558300,566043,551912.25
E02000958,Wandsworth 036,2017,Mean,645968,682993,682656,685273,674222.5
E02000959,Wandsworth 037,2017,Mean,463742,474041,465098,463540,466605.25
E02000960,Westminster 001,2017,Mean,1584358,1600264,1643834,1626454,1613727.5
E02000961,Westminster 002,2017,Mean,1454683,1701649,2001467,2159199,1829249.5
E02000962,Westminster 003,2017,Mean,1522429,1354656,1337404,1432348,1411709.25
E02000963,Westminster 004,2017,Mean,679879,658000,656209,647064,660288
E02000964,Westminster 005,2017,Mean,578197,585031,590105,595148,587120.25
E02000965,Westminster 006,2017,Mean,853821,835536,821660,817171,832047
E02000966,Westminster 007,2017,Mean,1433316,1642691,1475544,1518582,1517533.25
E02000967,Westminster 008,2017,Mean,1366607,1524877,1532312,2577950,1750436.5
E02000968,Westminster 009,2017,Mean,664588,646907,648371,617655,644380.25
E02000969,Westminster 010,2017,Mean,770085,739603,711867,692677,728558
E02000970,Westminster 011,2017,Mean,3225984,2963052,3229615,3097344,3128998.75
E02000971,Westminster 012,2017,Mean,1227208,1226054,1331979,1335951,1280298
E02000972,Westminster 013,2017,Mean,2248920,2006459,2280205,2380234,2228954.5
E02000973,Westminster 014,2017,Mean,1270349,1390777,1420187,1422876,1376047.25
E02000974,Westminster 015,2017,Mean,1551054,1464942,1441173,1599149,1514079.5
E02000975,Westminster 016,2017,Mean,1329003,1500730,1627175,1607179,1516021.75
E02000976,Westminster 017,2017,Mean,1096577,1076869,1108437,1179615,1115374.5
E02000977,Westminster 018,2017,Mean,2280446,2384349,2302112,2416267,2345793.5
E02000978,Westminster 019,2017,Mean,3626242,4630831,4721014,4416659,4348686.5
E02000979,Westminster 020,2017,Mean,1607030,1555604,1484524,1545453,1548152.75
E02000980,Westminster 021,2017,Mean,1929733,1914024,1704358,1329539,1719413.5
E02000981,Westminster 022,2017,Mean,1051979,1096755,1051687,966280,1041675.25
E02000982,Westminster 023,2017,Mean,1336237,1304542,1187581,1059011,1221842.75
E02000983,Westminster 024,2017,Mean,888736,892655,966369,951300,924765